metro,zip,state,city,returns,agi,interest,dividends,agiPerReturn,interestPerReturn,dividendsPerReturn,crosswalkRatio,countyCount,counties,score,tier
Greater Baltimore,21738,MARYLAND IRS,GLENWOOD,1660,460621000.0,3770000.0,13657000.0,277483.0,2271.0,8227.0,1.0,1,"Howard County, MD",79.9,high
Greater Baltimore,21210,MARYLAND IRS,BALTIMORE,5410,1118273000.0,12502000.0,76384000.0,206705.0,2311.0,14119.0,1.0,2,"Baltimore County, MD | Baltimore city, MD",78.4,high
Greater Baltimore,21204,MARYLAND IRS,TOWSON,8970,1696252000.0,21839000.0,131862000.0,189103.0,2435.0,14700.0,1.0,1,"Baltimore County, MD",77.8,high
Greater Baltimore,20759,MARYLAND IRS,FULTON,3180,849873000.0,8090000.0,18784000.0,267256.0,2544.0,5907.0,1.0,1,"Howard County, MD",77.6,high
Greater Baltimore,20777,MARYLAND IRS,HIGHLAND,1760,418202000.0,5191000.0,15297000.0,237615.0,2949.0,8691.0,0.9877,1,"Howard County, MD",77.5,high
Greater Baltimore,21029,MARYLAND IRS,CLARKSVILLE,6100,1478728000.0,14018000.0,45615000.0,242414.0,2298.0,7478.0,1.0,1,"Howard County, MD",75.2,high
Greater Baltimore,21111,MARYLAND IRS,MONKTON,2520,597837000.0,5927000.0,21668000.0,237237.0,2352.0,8598.0,1.0,2,"Baltimore County, MD | Harford County, MD",74.4,high
Greater Baltimore,21131,MARYLAND IRS,PHOENIX,3780,894619000.0,6935000.0,32027000.0,236672.0,1835.0,8473.0,1.0,1,"Baltimore County, MD",71.8,high
Greater Baltimore,21794,MARYLAND IRS,WEST FRIENDSHIP,1220,315068000.0,2043000.0,7067000.0,258252.0,1675.0,5793.0,1.0,1,"Howard County, MD",68.4,high
Greater Baltimore,21737,MARYLAND IRS,GLENELG,1010,229974000.0,1683000.0,6407000.0,227697.0,1666.0,6344.0,1.0,1,"Howard County, MD",63.2,medium
Greater Baltimore,21035,MARYLAND IRS,DAVIDSONVILLE,4120,874069000.0,6390000.0,20981000.0,212153.0,1551.0,5092.0,1.0,1,"Anne Arundel County, MD",60.6,medium
Greater Baltimore,21093,MARYLAND IRS,LUTHERVILLE TIMONIUM,19830,3329003000.0,34769000.0,145338000.0,167877.0,1753.0,7329.0,1.0,1,"Baltimore County, MD",60.3,medium
Greater Baltimore,21030,MARYLAND IRS,COCKEYSVILLE,13300,2158972000.0,19665000.0,101001000.0,162329.0,1479.0,7594.0,1.0,1,"Baltimore County, MD",57.1,medium
Greater Baltimore,21036,MARYLAND IRS,DAYTON,1130,235545000.0,1507000.0,5881000.0,208447.0,1334.0,5204.0,1.0,1,"Howard County, MD",56.1,medium
Greater Baltimore,21042,MARYLAND IRS,ELLICOTT CITY,20610,3690260000.0,26250000.0,104085000.0,179052.0,1274.0,5050.0,1.0,1,"Howard County, MD",56.1,medium
Greater Baltimore,21032,MARYLAND IRS,CROWNSVILLE,4650,827741000.0,7815000.0,23088000.0,178009.0,1681.0,4965.0,1.0,1,"Anne Arundel County, MD",55.2,medium
Greater Baltimore,21723,MARYLAND IRS,COOKSVILLE,440,109910000.0,265000.0,1532000.0,249795.0,602.0,3482.0,1.0,1,"Howard County, MD",54.7,medium
Greater Baltimore,21401,MARYLAND IRS,ANNAPOLIS,21170,2986168000.0,31448000.0,126459000.0,141057.0,1485.0,5974.0,1.0,1,"Anne Arundel County, MD",51.8,medium
Greater Baltimore,21146,MARYLAND IRS,SEVERNA PARK,13650,2341817000.0,13897000.0,61174000.0,171562.0,1018.0,4482.0,1.0,1,"Anne Arundel County, MD",51.4,medium
Greater Baltimore,21152,MARYLAND IRS,SPARKS GLENCOE,3080,528287000.0,4101000.0,15402000.0,171522.0,1331.0,5001.0,1.0,1,"Baltimore County, MD",51.0,medium
Greater Baltimore,21409,MARYLAND IRS,ANNAPOLIS,10240,1706129000.0,9565000.0,55461000.0,166614.0,934.0,5416.0,1.0,1,"Anne Arundel County, MD",50.8,medium
Greater Baltimore,21209,MARYLAND IRS,BALTIMORE,12490,1947364000.0,16103000.0,62818000.0,155914.0,1289.0,5029.0,1.0,2,"Baltimore County, MD | Baltimore city, MD",50.8,medium
Greater Baltimore,21104,MARYLAND IRS,MARRIOTTSVILLE,2960,535404000.0,2888000.0,13978000.0,180880.0,976.0,4722.0,1.0,3,"Baltimore County, MD | Carroll County, MD | Howard County, MD",50.1,medium
Greater Baltimore,21208,MARYLAND IRS,PIKESVILLE,17300,2030169000.0,28923000.0,104441000.0,117351.0,1672.0,6037.0,1.0,2,"Baltimore County, MD | Baltimore city, MD",48.2,medium
Greater Baltimore,21403,MARYLAND IRS,ANNAPOLIS,16830,2326609000.0,20524000.0,85234000.0,138242.0,1219.0,5064.0,1.0,1,"Anne Arundel County, MD",47.8,medium
Greater Baltimore,21013,MARYLAND IRS,BALDWIN,2400,388867000.0,2248000.0,11746000.0,162028.0,937.0,4894.0,1.0,2,"Baltimore County, MD | Harford County, MD",46.2,medium
Greater Baltimore,21797,MARYLAND IRS,WOODBINE,4620,738810000.0,4886000.0,16127000.0,159916.0,1058.0,3491.0,0.9971,2,"Carroll County, MD | Howard County, MD",45.8,medium
Greater Baltimore,21212,MARYLAND IRS,BALTIMORE,14210,2003831000.0,11712000.0,64925000.0,141016.0,824.0,4569.0,1.0,2,"Baltimore County, MD | Baltimore city, MD",44.8,medium
Greater Baltimore,21658,MARYLAND IRS,QUEENSTOWN,2100,322333000.0,1721000.0,10543000.0,153492.0,820.0,5020.0,1.0,1,"Queen Anne's County, MD",43.8,medium
Greater Baltimore,21037,MARYLAND IRS,EDGEWATER,11130,1589723000.0,8249000.0,38713000.0,142832.0,741.0,3478.0,1.0,1,"Anne Arundel County, MD",42.5,medium
Greater Baltimore,21082,MARYLAND IRS,HYDES,510,77691000.0,647000.0,2128000.0,152335.0,1269.0,4173.0,1.0,2,"Baltimore County, MD | Harford County, MD",42.2,medium
Greater Baltimore,21012,MARYLAND IRS,ARNOLD,10980,1529404000.0,9119000.0,34525000.0,139290.0,831.0,3144.0,1.0,1,"Anne Arundel County, MD",41.8,medium
Greater Baltimore,21057,MARYLAND IRS,GLEN ARM,2100,294044000.0,2001000.0,7898000.0,140021.0,953.0,3761.0,1.0,1,"Baltimore County, MD",40.3,medium
Greater Baltimore,21047,MARYLAND IRS,FALLSTON,6720,902579000.0,5932000.0,18967000.0,134312.0,883.0,2822.0,1.0,1,"Harford County, MD",39.7,medium
Greater Baltimore,21120,MARYLAND IRS,PARKTON,3570,519431000.0,2137000.0,11012000.0,145499.0,599.0,3085.0,1.0,1,"Baltimore County, MD",39.2,medium
Greater Baltimore,21163,MARYLAND IRS,WOODSTOCK,3620,499513000.0,3543000.0,8491000.0,137987.0,979.0,2346.0,1.0,2,"Baltimore County, MD | Howard County, MD",39.0,medium
Greater Baltimore,21028,MARYLAND IRS,CHURCHVILLE,1640,232269000.0,1496000.0,5130000.0,141627.0,912.0,3128.0,1.0,1,"Harford County, MD",38.8,medium
Greater Baltimore,21054,MARYLAND IRS,GAMBRILLS,6980,973863000.0,5343000.0,13456000.0,139522.0,765.0,1928.0,1.0,1,"Anne Arundel County, MD",38.7,medium
Greater Baltimore,20778,MARYLAND IRS,WEST RIVER,930,136663000.0,837000.0,2759000.0,146949.0,900.0,2967.0,1.0,1,"Anne Arundel County, MD",38.3,medium
Greater Baltimore,21087,MARYLAND IRS,KINGSVILLE,2930,371102000.0,3282000.0,8610000.0,126656.0,1120.0,2939.0,1.0,2,"Baltimore County, MD | Harford County, MD",38.3,medium
Greater Baltimore,21043,MARYLAND IRS,ELLICOTT CITY,23150,2932547000.0,14221000.0,48829000.0,126676.0,614.0,2109.0,1.0,2,"Baltimore County, MD | Howard County, MD",38.2,medium
Greater Baltimore,21286,MARYLAND IRS,TOWSON,10870,1198916000.0,10605000.0,40235000.0,110296.0,976.0,3701.0,1.0,1,"Baltimore County, MD",38.2,medium
Greater Baltimore,21140,MARYLAND IRS,RIVA,1830,249059000.0,1453000.0,6513000.0,136098.0,794.0,3559.0,1.0,1,"Anne Arundel County, MD",38.0,medium
Greater Baltimore,21136,MARYLAND IRS,REISTERSTOWN,17560,1911429000.0,15808000.0,55040000.0,108851.0,900.0,3134.0,1.0,2,"Baltimore County, MD | Carroll County, MD",37.6,medium
Greater Baltimore,21108,MARYLAND IRS,MILLERSVILLE,9740,1265218000.0,6594000.0,21037000.0,129899.0,677.0,2160.0,1.0,1,"Anne Arundel County, MD",37.4,medium
Greater Baltimore,21044,MARYLAND IRS,COLUMBIA,22840,2608916000.0,14015000.0,62111000.0,114226.0,614.0,2719.0,1.0,1,"Howard County, MD",36.7,medium
Greater Baltimore,20779,MARYLAND IRS,TRACYS LANDING,670,89076000.0,494000.0,3086000.0,132949.0,737.0,4606.0,1.0,1,"Anne Arundel County, MD",36.5,medium
Greater Baltimore,21784,MARYLAND IRS,SYKESVILLE,19810,2374944000.0,10874000.0,35946000.0,119886.0,549.0,1815.0,1.0,2,"Carroll County, MD | Howard County, MD",35.7,medium
Greater Baltimore,21666,MARYLAND IRS,STEVENSVILLE,7090,878944000.0,4459000.0,15744000.0,123970.0,629.0,2221.0,1.0,1,"Queen Anne's County, MD",35.5,medium
Greater Baltimore,21155,MARYLAND IRS,UPPERCO,1300,176413000.0,881000.0,3564000.0,135702.0,678.0,2742.0,1.0,2,"Baltimore County, MD | Carroll County, MD",35.3,medium
Greater Baltimore,21638,MARYLAND IRS,GRASONVILLE,2650,341673000.0,1534000.0,7657000.0,128933.0,579.0,2889.0,1.0,1,"Queen Anne's County, MD",35.1,medium
Greater Baltimore,20776,MARYLAND IRS,HARWOOD,1700,211914000.0,1265000.0,5173000.0,124655.0,744.0,3043.0,1.0,1,"Anne Arundel County, MD",34.6,medium
Greater Baltimore,21015,MARYLAND IRS,BEL AIR,15740,1794716000.0,9472000.0,28868000.0,114023.0,602.0,1834.0,1.0,1,"Harford County, MD",34.5,medium
Greater Baltimore,21117,MARYLAND IRS,OWINGS MILLS,29340,2843343000.0,21186000.0,67316000.0,96910.0,722.0,2294.0,1.0,1,"Baltimore County, MD",34.1,medium
Greater Baltimore,21619,MARYLAND IRS,CHESTER,3980,475942000.0,2272000.0,11006000.0,119583.0,571.0,2765.0,1.0,1,"Queen Anne's County, MD",34.0,low
Greater Baltimore,21048,MARYLAND IRS,FINKSBURG,5420,646182000.0,3153000.0,11853000.0,119222.0,582.0,2187.0,1.0,1,"Carroll County, MD",33.7,low
Greater Baltimore,21202,MARYLAND IRS,BALTIMORE,9220,757600000.0,11112000.0,31367000.0,82169.0,1205.0,3402.0,1.0,1,"Baltimore city, MD",33.6,low
Greater Baltimore,20758,MARYLAND IRS,FRIENDSHIP,410,51990000.0,542000.0,611000.0,126805.0,1322.0,1490.0,0.9945,1,"Anne Arundel County, MD",33.3,low
Greater Baltimore,21050,MARYLAND IRS,FOREST HILL,9620,1092997000.0,5673000.0,16203000.0,113617.0,590.0,1684.0,1.0,1,"Harford County, MD",33.2,low
Greater Baltimore,21771,MARYLAND IRS,MOUNT AIRY,15440,1834380000.0,9099000.0,27564000.0,118807.0,589.0,1785.0,0.5859,2,"Carroll County, MD | Howard County, MD",32.6,low
Greater Baltimore,20723,MARYLAND IRS,LAUREL,17470,1881470000.0,8650000.0,23612000.0,107697.0,495.0,1352.0,1.0,1,"Howard County, MD",32.2,low
Greater Baltimore,21620,MARYLAND IRS,CHESTERTOWN,6130,548250000.0,5716000.0,39387000.0,89437.0,932.0,6425.0,0.2109,1,"Queen Anne's County, MD",32.0,low
Greater Baltimore,21161,MARYLAND IRS,WHITE HALL,2750,324014000.0,1488000.0,6049000.0,117823.0,541.0,2200.0,1.0,2,"Baltimore County, MD | Harford County, MD",31.8,low
Greater Baltimore,21114,MARYLAND IRS,CROFTON,12990,1419547000.0,4919000.0,16858000.0,109280.0,379.0,1298.0,1.0,1,"Anne Arundel County, MD",31.1,low
Greater Baltimore,21122,MARYLAND IRS,PASADENA,31960,3097773000.0,15519000.0,33645000.0,96927.0,486.0,1053.0,1.0,1,"Anne Arundel County, MD",31.0,low
Greater Baltimore,21128,MARYLAND IRS,PERRY HALL,7730,853813000.0,3654000.0,9834000.0,110454.0,473.0,1272.0,1.0,1,"Baltimore County, MD",30.8,low
Greater Baltimore,21046,MARYLAND IRS,COLUMBIA,7950,834857000.0,3903000.0,14576000.0,105013.0,491.0,1833.0,1.0,1,"Howard County, MD",30.8,low
Greater Baltimore,21014,MARYLAND IRS,BEL AIR,19180,1895789000.0,8625000.0,27505000.0,98842.0,450.0,1434.0,1.0,1,"Harford County, MD",30.6,low
Greater Baltimore,21228,MARYLAND IRS,CATONSVILLE,24610,2240222000.0,12055000.0,45351000.0,91029.0,490.0,1843.0,1.0,2,"Baltimore County, MD | Baltimore city, MD",30.5,low
Greater Baltimore,21053,MARYLAND IRS,FREELAND,1580,186071000.0,801000.0,3432000.0,117766.0,507.0,2172.0,1.0,1,"Baltimore County, MD",30.4,low
Greater Baltimore,21617,MARYLAND IRS,CENTREVILLE,5470,556412000.0,3199000.0,10909000.0,101721.0,585.0,1994.0,1.0,1,"Queen Anne's County, MD",30.2,low
Greater Baltimore,21230,MARYLAND IRS,BALTIMORE,18580,1810592000.0,5986000.0,34400000.0,97448.0,322.0,1851.0,1.0,1,"Baltimore city, MD",30.1,low
Greater Baltimore,21231,MARYLAND IRS,BALTIMORE,8200,830214000.0,3761000.0,13367000.0,101246.0,459.0,1630.0,1.0,1,"Baltimore city, MD",29.7,low
Greater Baltimore,21113,MARYLAND IRS,ODENTON,19710,1982465000.0,6123000.0,18222000.0,100582.0,311.0,925.0,1.0,1,"Anne Arundel County, MD",29.4,low
Greater Baltimore,21154,MARYLAND IRS,STREET,3100,320446000.0,2334000.0,3954000.0,103370.0,753.0,1275.0,1.0,1,"Harford County, MD",29.3,low
Greater Baltimore,21076,MARYLAND IRS,HANOVER,13120,1442560000.0,2735000.0,7961000.0,109951.0,208.0,607.0,1.0,2,"Anne Arundel County, MD | Howard County, MD",29.2,low
Greater Baltimore,21084,MARYLAND IRS,JARRETTSVILLE,3830,402455000.0,1853000.0,6256000.0,105080.0,484.0,1633.0,1.0,1,"Harford County, MD",29.0,low
Greater Baltimore,20711,MARYLAND IRS,LOTHIAN,3650,342078000.0,3411000.0,4735000.0,93720.0,935.0,1297.0,1.0,1,"Anne Arundel County, MD",29.0,low
Greater Baltimore,21045,MARYLAND IRS,COLUMBIA,19900,1836704000.0,6818000.0,26680000.0,92297.0,343.0,1341.0,1.0,1,"Howard County, MD",28.7,low
Greater Baltimore,21075,MARYLAND IRS,ELKRIDGE,17660,1719757000.0,4406000.0,13318000.0,97381.0,249.0,754.0,1.0,1,"Howard County, MD",27.9,low
Greater Baltimore,21157,MARYLAND IRS,WESTMINSTER,18660,1701472000.0,5844000.0,22272000.0,91183.0,313.0,1194.0,1.0,1,"Carroll County, MD",27.9,low
Greater Baltimore,21158,MARYLAND IRS,WESTMINSTER,10610,977532000.0,3980000.0,15718000.0,92133.0,375.0,1481.0,1.0,1,"Carroll County, MD",27.8,low
Greater Baltimore,21211,MARYLAND IRS,BALTIMORE,9180,801320000.0,3323000.0,21216000.0,87290.0,362.0,2311.0,1.0,1,"Baltimore city, MD",27.7,low
Greater Baltimore,21218,MARYLAND IRS,BALTIMORE,18320,1376089000.0,8182000.0,43909000.0,75114.0,447.0,2397.0,1.0,1,"Baltimore city, MD",27.6,low
Greater Baltimore,21144,MARYLAND IRS,SEVERN,18650,1726797000.0,5670000.0,11572000.0,92590.0,304.0,620.0,1.0,1,"Anne Arundel County, MD",27.3,low
Greater Baltimore,21078,MARYLAND IRS,HAVRE DE GRACE,10230,932707000.0,4076000.0,12367000.0,91174.0,398.0,1209.0,1.0,1,"Harford County, MD",27.2,low
Greater Baltimore,20751,MARYLAND IRS,DEALE,1260,141385000.0,381000.0,1641000.0,112210.0,302.0,1302.0,1.0,1,"Anne Arundel County, MD",26.4,low
Greater Baltimore,21074,MARYLAND IRS,HAMPSTEAD,7930,727032000.0,2635000.0,9625000.0,91681.0,332.0,1214.0,1.0,2,"Baltimore County, MD | Carroll County, MD",26.4,low
Greater Baltimore,21776,MARYLAND IRS,NEW WINDSOR,3010,302995000.0,1062000.0,3777000.0,100663.0,353.0,1255.0,0.8843,1,"Carroll County, MD",25.6,low
Greater Baltimore,21034,MARYLAND IRS,DARLINGTON,1650,155403000.0,1179000.0,1498000.0,94184.0,715.0,908.0,1.0,1,"Harford County, MD",25.6,low
Greater Baltimore,21102,MARYLAND IRS,MANCHESTER,5970,537469000.0,2394000.0,5587000.0,90028.0,401.0,936.0,1.0,2,"Baltimore County, MD | Carroll County, MD",25.5,low
Greater Baltimore,21090,MARYLAND IRS,LINTHICUM HEIGHTS,5650,509127000.0,2050000.0,5469000.0,90111.0,363.0,968.0,1.0,1,"Anne Arundel County, MD",25.3,low
Greater Baltimore,20764,MARYLAND IRS,SHADY SIDE,2160,211234000.0,853000.0,2210000.0,97794.0,395.0,1023.0,1.0,1,"Anne Arundel County, MD",25.0,low
Greater Baltimore,21009,MARYLAND IRS,ABINGDON,16010,1354128000.0,3264000.0,6876000.0,84580.0,204.0,429.0,1.0,1,"Harford County, MD",24.6,low
Greater Baltimore,21132,MARYLAND IRS,PYLESVILLE,1430,139640000.0,551000.0,1353000.0,97650.0,385.0,946.0,1.0,1,"Harford County, MD",23.9,low
Greater Baltimore,21162,MARYLAND IRS,WHITE MARSH,2400,233758000.0,571000.0,1983000.0,97399.0,238.0,826.0,1.0,1,"Baltimore County, MD",23.9,low
Greater Baltimore,21234,MARYLAND IRS,PARKVILLE,33940,2198296000.0,9254000.0,27749000.0,64770.0,273.0,818.0,1.0,2,"Baltimore County, MD | Baltimore city, MD",23.5,low
Greater Baltimore,21224,MARYLAND IRS,BALTIMORE,27080,1940163000.0,4818000.0,16748000.0,71646.0,178.0,618.0,1.0,2,"Baltimore County, MD | Baltimore city, MD",23.4,low
Greater Baltimore,21236,MARYLAND IRS,NOTTINGHAM,20790,1478402000.0,5672000.0,12988000.0,71111.0,273.0,625.0,1.0,2,"Baltimore County, MD | Baltimore city, MD",23.4,low
Greater Baltimore,21085,MARYLAND IRS,JOPPA,9010,705708000.0,2522000.0,5499000.0,78325.0,280.0,610.0,1.0,2,"Baltimore County, MD | Harford County, MD",23.0,low
Greater Baltimore,20733,MARYLAND IRS,CHURCHTON,1510,145017000.0,329000.0,1540000.0,96038.0,218.0,1020.0,1.0,1,"Anne Arundel County, MD",22.8,low
Greater Baltimore,21219,MARYLAND IRS,SPARROWS POINT,4960,414752000.0,1455000.0,1962000.0,83619.0,293.0,396.0,1.0,1,"Baltimore County, MD",22.5,low
Greater Baltimore,21060,MARYLAND IRS,GLEN BURNIE,20240,1484102000.0,2694000.0,6059000.0,73325.0,133.0,299.0,1.0,1,"Anne Arundel County, MD",22.4,low
Greater Baltimore,21220,MARYLAND IRS,MIDDLE RIVER,22000,1524887000.0,4171000.0,9652000.0,69313.0,190.0,439.0,1.0,1,"Baltimore County, MD",22.4,low
Greater Baltimore,21787,MARYLAND IRS,TANEYTOWN,5900,439978000.0,1755000.0,5552000.0,74573.0,297.0,941.0,0.9751,1,"Carroll County, MD",21.9,low
Greater Baltimore,20794,MARYLAND IRS,JESSUP,6130,483688000.0,974000.0,3068000.0,78905.0,159.0,500.0,1.0,2,"Anne Arundel County, MD | Howard County, MD",21.4,low
Greater Baltimore,20724,MARYLAND IRS,LAUREL,10060,744985000.0,1287000.0,3284000.0,74054.0,128.0,326.0,1.0,1,"Anne Arundel County, MD",21.1,low
Greater Baltimore,21001,MARYLAND IRS,ABERDEEN,13270,899576000.0,2587000.0,5895000.0,67790.0,195.0,444.0,1.0,1,"Harford County, MD",21.1,low
Greater Baltimore,21061,MARYLAND IRS,GLEN BURNIE,27990,1667942000.0,3862000.0,8937000.0,59591.0,138.0,319.0,1.0,1,"Anne Arundel County, MD",20.6,low
Greater Baltimore,21237,MARYLAND IRS,ROSEDALE,15880,1002540000.0,2605000.0,5605000.0,63132.0,164.0,353.0,1.0,2,"Baltimore County, MD | Baltimore city, MD",20.3,low
Greater Baltimore,21160,MARYLAND IRS,WHITEFORD,1270,107485000.0,392000.0,691000.0,84634.0,309.0,544.0,1.0,1,"Harford County, MD",20.2,low
Greater Baltimore,21791,MARYLAND IRS,UNION BRIDGE,2560,218414000.0,858000.0,3077000.0,85318.0,335.0,1202.0,0.5423,1,"Carroll County, MD",20.0,low
Greater Baltimore,21221,MARYLAND IRS,ESSEX,20920,1221816000.0,3383000.0,8897000.0,58404.0,162.0,425.0,1.0,1,"Baltimore County, MD",20.0,low
Greater Baltimore,21217,MARYLAND IRS,BALTIMORE,11080,559935000.0,5107000.0,8467000.0,50536.0,461.0,764.0,1.0,1,"Baltimore city, MD",19.6,low
Greater Baltimore,21133,MARYLAND IRS,RANDALLSTOWN,15510,976200000.0,1309000.0,3354000.0,62940.0,84.0,216.0,1.0,1,"Baltimore County, MD",19.5,low
Greater Baltimore,20701,MARYLAND IRS,ANNAPOLIS JUNCTION,370,36513000.0,52000.0,217000.0,98684.0,141.0,586.0,1.0,2,"Anne Arundel County, MD | Howard County, MD",19.3,low
Greater Baltimore,21623,MARYLAND IRS,CHURCH HILL,1040,83978000.0,240000.0,978000.0,80748.0,231.0,940.0,1.0,1,"Queen Anne's County, MD",19.2,low
Greater Baltimore,21227,MARYLAND IRS,HALETHORPE,16660,968895000.0,2245000.0,5585000.0,58157.0,135.0,335.0,1.0,2,"Baltimore County, MD | Baltimore city, MD",19.2,low
Greater Baltimore,21214,MARYLAND IRS,BALTIMORE,9210,583823000.0,1351000.0,3626000.0,63390.0,147.0,394.0,1.0,1,"Baltimore city, MD",19.1,low
Greater Baltimore,21017,MARYLAND IRS,BELCAMP,3350,249050000.0,369000.0,1057000.0,74343.0,110.0,316.0,1.0,1,"Harford County, MD",18.7,low
Greater Baltimore,21244,MARYLAND IRS,WINDSOR MILL,18240,1049486000.0,1217000.0,2824000.0,57538.0,67.0,155.0,1.0,1,"Baltimore County, MD",18.6,low
Greater Baltimore,21215,MARYLAND IRS,BALTIMORE,22030,1060200000.0,4057000.0,9893000.0,48125.0,184.0,449.0,1.0,2,"Baltimore County, MD | Baltimore city, MD",18.4,low
Greater Baltimore,21207,MARYLAND IRS,GWYNN OAK,23120,1220853000.0,1745000.0,4051000.0,52805.0,75.0,175.0,1.0,2,"Baltimore County, MD | Baltimore city, MD",18.3,low
Greater Baltimore,21222,MARYLAND IRS,DUNDALK,27830,1383872000.0,2643000.0,5848000.0,49726.0,95.0,210.0,1.0,2,"Baltimore County, MD | Baltimore city, MD",18.3,low
Greater Baltimore,20755,MARYLAND IRS,FORT GEORGE G MEADE,3250,230720000.0,266000.0,584000.0,70991.0,82.0,180.0,1.0,1,"Anne Arundel County, MD",17.7,low
Greater Baltimore,21206,MARYLAND IRS,BALTIMORE,22940,1129511000.0,1703000.0,4270000.0,49238.0,74.0,186.0,1.0,2,"Baltimore County, MD | Baltimore city, MD",17.6,low
Greater Baltimore,21005,MARYLAND IRS,ABERDEEN PROVING GROUND,850,71610000.0,60000.0,257000.0,84247.0,71.0,302.0,1.0,1,"Harford County, MD",17.5,low
Greater Baltimore,21239,MARYLAND IRS,BALTIMORE,13000,679173000.0,1107000.0,4554000.0,52244.0,85.0,350.0,1.0,2,"Baltimore County, MD | Baltimore city, MD",17.3,low
Greater Baltimore,21229,MARYLAND IRS,BALTIMORE,19820,968487000.0,1341000.0,4613000.0,48864.0,68.0,233.0,1.0,2,"Baltimore County, MD | Baltimore city, MD",17.3,low
Greater Baltimore,21757,MARYLAND IRS,KEYMAR,1400,113847000.0,453000.0,1267000.0,81319.0,324.0,905.0,0.4824,1,"Carroll County, MD",17.2,low
Greater Baltimore,21201,MARYLAND IRS,BALTIMORE,7360,389921000.0,1129000.0,4168000.0,52978.0,153.0,566.0,1.0,1,"Baltimore city, MD",17.1,low
Greater Baltimore,21040,MARYLAND IRS,EDGEWOOD,12020,623579000.0,1075000.0,1997000.0,51878.0,89.0,166.0,1.0,1,"Harford County, MD",16.9,low
Greater Baltimore,21668,MARYLAND IRS,SUDLERSVILLE,820,60476000.0,138000.0,566000.0,73751.0,168.0,690.0,1.0,1,"Queen Anne's County, MD",16.7,low
Greater Baltimore,21226,MARYLAND IRS,CURTIS BAY,3320,205940000.0,233000.0,895000.0,62030.0,70.0,270.0,1.0,2,"Anne Arundel County, MD | Baltimore city, MD",16.1,low
Greater Baltimore,20714,MARYLAND IRS,NORTH BEACH,2400,198468000.0,539000.0,1575000.0,82695.0,225.0,656.0,0.2053,1,"Anne Arundel County, MD",15.8,low
Greater Baltimore,21402,MARYLAND IRS,ANNAPOLIS,470,34969000.0,99000.0,305000.0,74402.0,211.0,649.0,1.0,1,"Anne Arundel County, MD",15.8,low
Greater Baltimore,21225,MARYLAND IRS,BROOKLYN,14850,640483000.0,1156000.0,2152000.0,43130.0,78.0,145.0,1.0,3,"Anne Arundel County, MD | Baltimore County, MD | Baltimore city, MD",15.6,low
Greater Baltimore,20763,MARYLAND IRS,SAVAGE,1520,99497000.0,129000.0,626000.0,65459.0,85.0,412.0,1.0,1,"Howard County, MD",15.5,low
Greater Baltimore,21657,MARYLAND IRS,QUEEN ANNE,560,46085000.0,65000.0,240000.0,82295.0,116.0,429.0,0.6693,1,"Queen Anne's County, MD",14.7,low
Greater Baltimore,21213,MARYLAND IRS,BALTIMORE,11910,464445000.0,645000.0,2498000.0,38996.0,54.0,210.0,1.0,1,"Baltimore city, MD",14.3,low
Greater Baltimore,21216,MARYLAND IRS,BALTIMORE,10870,426801000.0,384000.0,1882000.0,39264.0,35.0,173.0,1.0,1,"Baltimore city, MD",14.0,low
Greater Baltimore,21651,MARYLAND IRS,MILLINGTON,1330,87484000.0,214000.0,1057000.0,65777.0,161.0,795.0,0.4856,1,"Queen Anne's County, MD",13.1,low
Greater Baltimore,21223,MARYLAND IRS,BALTIMORE,7780,263260000.0,323000.0,1295000.0,33838.0,42.0,166.0,1.0,1,"Baltimore city, MD",12.4,low
Greater Baltimore,21205,MARYLAND IRS,BALTIMORE,5900,200435000.0,84000.0,257000.0,33972.0,14.0,44.0,1.0,1,"Baltimore city, MD",11.5,low
Greater Baltimore,21607,MARYLAND IRS,BARCLAY,260,15060000.0,12000.0,8000.0,57923.0,46.0,31.0,0.984,1,"Queen Anne's County, MD",9.5,low
Greater Baltimore,21649,MARYLAND IRS,MARYDEL,820,40653000.0,32000.0,95000.0,49577.0,39.0,116.0,0.326,1,"Queen Anne's County, MD",6.3,low
Greater Chicago,60043,ILLINOIS IRS,KENILWORTH,1090,1312338000.0,16528000.0,83483000.0,1203980.0,15163.0,76590.0,1.0,1,"Cook County, IL",75.1,high
Greater Chicago,60606,ILLINOIS IRS,CHICAGO,2680,1774185000.0,126422000.0,261586000.0,662009.0,47172.0,97607.0,1.0,1,"Cook County, IL",73.0,high
Greater Chicago,60603,ILLINOIS IRS,CHICAGO,970,540284000.0,27690000.0,96628000.0,556994.0,28546.0,99616.0,1.0,1,"Cook County, IL",60.3,medium
Greater Chicago,60022,ILLINOIS IRS,GLENCOE,3920,2946942000.0,84610000.0,179827000.0,751771.0,21584.0,45874.0,1.0,1,"Cook County, IL",56.0,medium
Greater Chicago,60093,ILLINOIS IRS,WINNETKA,9560,6266812000.0,200761000.0,524338000.0,655524.0,21000.0,54847.0,1.0,1,"Cook County, IL",55.9,medium
Greater Chicago,60045,ILLINOIS IRS,LAKE FOREST,10280,6753736000.0,89058000.0,449757000.0,656978.0,8663.0,43751.0,1.0,1,"Lake County, IL",48.9,medium
Greater Chicago,60604,ILLINOIS IRS,CHICAGO,570,278808000.0,7239000.0,30646000.0,489137.0,12700.0,53765.0,1.0,1,"Cook County, IL",40.5,medium
Greater Chicago,60521,ILLINOIS IRS,HINSDALE,8230,4230493000.0,55731000.0,216565000.0,514033.0,6772.0,26314.0,1.0,2,"Cook County, IL | DuPage County, IL",38.4,medium
Greater Chicago,60611,ILLINOIS IRS,CHICAGO,20050,6909389000.0,162595000.0,533640000.0,344608.0,8109.0,26615.0,1.0,1,"Cook County, IL",34.3,medium
Greater Chicago,60523,ILLINOIS IRS,OAK BROOK,5550,2064538000.0,52065000.0,138202000.0,371989.0,9381.0,24901.0,1.0,2,"Cook County, IL | DuPage County, IL",32.9,low
Greater Chicago,60035,ILLINOIS IRS,HIGHLAND PARK,15150,5299960000.0,119030000.0,317990000.0,349832.0,7857.0,20989.0,1.0,1,"Lake County, IL",32.6,low
Greater Chicago,60091,ILLINOIS IRS,WILMETTE,13080,4659315000.0,60411000.0,269103000.0,356217.0,4619.0,20574.0,1.0,1,"Cook County, IL",31.2,low
Greater Chicago,60614,ILLINOIS IRS,CHICAGO,35960,10797968000.0,181493000.0,536466000.0,300277.0,5047.0,14918.0,1.0,1,"Cook County, IL",30.0,low
Greater Chicago,60601,ILLINOIS IRS,CHICAGO,9120,2674276000.0,61331000.0,185591000.0,293232.0,6725.0,20350.0,1.0,1,"Cook County, IL",28.8,low
Greater Chicago,60010,ILLINOIS IRS,BARRINGTON,22670,6510527000.0,83118000.0,313047000.0,287187.0,3666.0,13809.0,1.0,4,"Cook County, IL | Kane County, IL | Lake County, IL | McHenry County, IL",27.8,low
Greater Chicago,60015,ILLINOIS IRS,DEERFIELD,13500,3861118000.0,51762000.0,203313000.0,286009.0,3834.0,15060.0,1.0,2,"Cook County, IL | Lake County, IL",27.1,low
Greater Chicago,60062,ILLINOIS IRS,NORTHBROOK,22140,5063433000.0,84663000.0,291596000.0,228701.0,3824.0,13171.0,1.0,1,"Cook County, IL",25.5,low
Greater Chicago,60558,ILLINOIS IRS,WESTERN SPRINGS,6430,1929211000.0,17349000.0,72995000.0,300033.0,2698.0,11352.0,1.0,1,"Cook County, IL",24.9,low
Greater Chicago,60305,ILLINOIS IRS,RIVER FOREST,5210,1508541000.0,17072000.0,71979000.0,289547.0,3277.0,13816.0,1.0,1,"Cook County, IL",24.8,low
Greater Chicago,60044,ILLINOIS IRS,LAKE BLUFF,5060,1366570000.0,15605000.0,83883000.0,270073.0,3084.0,16578.0,1.0,1,"Lake County, IL",24.6,low
Greater Chicago,60184,ILLINOIS IRS,WAYNE,1260,433756000.0,4898000.0,16980000.0,344251.0,3887.0,13476.0,1.0,2,"DuPage County, IL | Kane County, IL",24.3,low
Greater Chicago,60025,ILLINOIS IRS,GLENVIEW,20650,4368158000.0,54896000.0,214787000.0,211533.0,2658.0,10401.0,1.0,1,"Cook County, IL",23.6,low
Greater Chicago,60610,ILLINOIS IRS,CHICAGO,24860,5026175000.0,66977000.0,255216000.0,202179.0,2694.0,10266.0,1.0,1,"Cook County, IL",23.6,low
Greater Chicago,60026,ILLINOIS IRS,GLENVIEW,7100,1756541000.0,19069000.0,95175000.0,247400.0,2686.0,13405.0,1.0,1,"Cook County, IL",23.5,low
Greater Chicago,60048,ILLINOIS IRS,LIBERTYVILLE,14600,3448624000.0,23225000.0,139198000.0,236207.0,1591.0,9534.0,1.0,1,"Lake County, IL",23.3,low
Greater Chicago,60602,ILLINOIS IRS,CHICAGO,1120,347294000.0,3494000.0,18578000.0,310084.0,3120.0,16588.0,1.0,1,"Cook County, IL",23.1,low
Greater Chicago,60068,ILLINOIS IRS,PARK RIDGE,19580,4357115000.0,31876000.0,125359000.0,222529.0,1628.0,6402.0,1.0,1,"Cook County, IL",22.6,low
Greater Chicago,60514,ILLINOIS IRS,CLARENDON HILLS,4810,1269857000.0,13518000.0,40580000.0,264004.0,2810.0,8437.0,1.0,1,"DuPage County, IL",22.3,low
Greater Chicago,60201,ILLINOIS IRS,EVANSTON,17980,3397542000.0,34675000.0,195063000.0,188962.0,1929.0,10849.0,1.0,1,"Cook County, IL",22.3,low
Greater Chicago,60654,ILLINOIS IRS,CHICAGO,14490,3244921000.0,17263000.0,103242000.0,223942.0,1191.0,7125.0,1.0,1,"Cook County, IL",22.1,low
Greater Chicago,60047,ILLINOIS IRS,LAKE ZURICH,21110,4324860000.0,33155000.0,127976000.0,204873.0,1571.0,6062.0,1.0,2,"Cook County, IL | Lake County, IL",22.0,low
Greater Chicago,60126,ILLINOIS IRS,ELMHURST,22930,4491886000.0,35888000.0,133595000.0,195896.0,1565.0,5826.0,1.0,2,"Cook County, IL | DuPage County, IL",21.8,low
Greater Chicago,60540,ILLINOIS IRS,NAPERVILLE,20390,4016330000.0,32629000.0,127154000.0,196975.0,1600.0,6236.0,1.0,1,"DuPage County, IL",21.7,low
Greater Chicago,60527,ILLINOIS IRS,WILLOWBROOK,15050,2890254000.0,35827000.0,122884000.0,192043.0,2381.0,8165.0,1.0,2,"Cook County, IL | DuPage County, IL",21.6,low
Greater Chicago,60657,ILLINOIS IRS,CHICAGO,40570,6594364000.0,59571000.0,207695000.0,162543.0,1468.0,5119.0,1.0,1,"Cook County, IL",21.4,low
Greater Chicago,60137,ILLINOIS IRS,GLEN ELLYN,18560,3594963000.0,24674000.0,115959000.0,193694.0,1329.0,6248.0,1.0,1,"DuPage County, IL",21.3,low
Greater Chicago,60175,ILLINOIS IRS,SAINT CHARLES,11930,2426744000.0,23358000.0,64797000.0,203415.0,1958.0,5431.0,1.0,1,"Kane County, IL",20.8,low
Greater Chicago,60069,ILLINOIS IRS,LINCOLNSHIRE,4720,1024333000.0,11694000.0,47421000.0,217020.0,2478.0,10047.0,1.0,1,"Lake County, IL",20.7,low
Greater Chicago,60564,ILLINOIS IRS,NAPERVILLE,21220,3837402000.0,19376000.0,71208000.0,180839.0,913.0,3356.0,1.0,2,"DuPage County, IL | Will County, IL",20.3,low
Greater Chicago,60425,ILLINOIS IRS,GLENWOOD,4450,848193000.0,26330000.0,26485000.0,190605.0,5917.0,5952.0,1.0,1,"Cook County, IL",20.0,low
Greater Chicago,60067,ILLINOIS IRS,PALATINE,20490,3242227000.0,23350000.0,123287000.0,158235.0,1140.0,6017.0,1.0,1,"Cook County, IL",20.0,low
Greater Chicago,60607,ILLINOIS IRS,CHICAGO,16240,2999291000.0,14517000.0,60036000.0,184685.0,894.0,3697.0,1.0,1,"Cook County, IL",19.9,low
Greater Chicago,60189,ILLINOIS IRS,WHEATON,15270,2539156000.0,21516000.0,83042000.0,166284.0,1409.0,5438.0,1.0,1,"DuPage County, IL",19.7,low
Greater Chicago,60622,ILLINOIS IRS,CHICAGO,28250,4336180000.0,27991000.0,85488000.0,153493.0,991.0,3026.0,1.0,1,"Cook County, IL",19.7,low
Greater Chicago,60613,ILLINOIS IRS,CHICAGO,29060,4051643000.0,40352000.0,106237000.0,139423.0,1389.0,3656.0,1.0,1,"Cook County, IL",19.5,low
Greater Chicago,60187,ILLINOIS IRS,WHEATON,13100,2087849000.0,25408000.0,73567000.0,159378.0,1940.0,5616.0,1.0,1,"DuPage County, IL",19.4,low
Greater Chicago,60302,ILLINOIS IRS,OAK PARK,15730,2536439000.0,13688000.0,85140000.0,161249.0,870.0,5413.0,1.0,1,"Cook County, IL",19.3,low
Greater Chicago,60565,ILLINOIS IRS,NAPERVILLE,19150,3026076000.0,14840000.0,80081000.0,158020.0,775.0,4182.0,1.0,2,"DuPage County, IL | Will County, IL",19.3,low
Greater Chicago,60515,ILLINOIS IRS,DOWNERS GROVE,14540,2382617000.0,14890000.0,69103000.0,163866.0,1024.0,4753.0,1.0,1,"DuPage County, IL",19.2,low
Greater Chicago,60423,ILLINOIS IRS,FRANKFORT,16570,2448962000.0,17041000.0,102298000.0,147795.0,1028.0,6174.0,1.0,2,"Cook County, IL | Will County, IL",19.2,low
Greater Chicago,60004,ILLINOIS IRS,ARLINGTON HEIGHTS,26320,3581360000.0,28551000.0,103561000.0,136070.0,1085.0,3935.0,1.0,1,"Cook County, IL",19.2,low
Greater Chicago,60605,ILLINOIS IRS,CHICAGO,15870,2541626000.0,16317000.0,57282000.0,160153.0,1028.0,3609.0,1.0,1,"Cook County, IL",19.0,low
Greater Chicago,60439,ILLINOIS IRS,LEMONT,12530,2030107000.0,14225000.0,46964000.0,162020.0,1135.0,3748.0,1.0,3,"Cook County, IL | DuPage County, IL | Will County, IL",18.7,low
Greater Chicago,60467,ILLINOIS IRS,ORLAND PARK,14060,2183681000.0,22000000.0,49002000.0,155312.0,1565.0,3485.0,1.0,2,"Cook County, IL | Will County, IL",18.7,low
Greater Chicago,60134,ILLINOIS IRS,GENEVA,14950,2267201000.0,15040000.0,63391000.0,151652.0,1006.0,4240.0,1.0,1,"Kane County, IL",18.7,low
Greater Chicago,60618,ILLINOIS IRS,CHICAGO,43000,4939346000.0,21854000.0,86154000.0,114869.0,508.0,2004.0,1.0,1,"Cook County, IL",18.7,low
Greater Chicago,60464,ILLINOIS IRS,PALOS PARK,5050,949065000.0,7542000.0,33494000.0,187934.0,1493.0,6632.0,1.0,1,"Cook County, IL",18.6,low
Greater Chicago,60525,ILLINOIS IRS,LA GRANGE,16170,2366373000.0,17330000.0,64855000.0,146343.0,1072.0,4011.0,1.0,1,"Cook County, IL",18.6,low
Greater Chicago,60647,ILLINOIS IRS,CHICAGO,42860,4902689000.0,17082000.0,69976000.0,114388.0,399.0,1633.0,1.0,1,"Cook County, IL",18.5,low
Greater Chicago,60089,ILLINOIS IRS,BUFFALO GROVE,21250,2737686000.0,17415000.0,63760000.0,128832.0,820.0,3000.0,1.0,2,"Cook County, IL | Lake County, IL",18.2,low
Greater Chicago,60563,ILLINOIS IRS,NAPERVILLE,18520,2413822000.0,14374000.0,65906000.0,130336.0,776.0,3559.0,1.0,1,"DuPage County, IL",18.0,low
Greater Chicago,60712,ILLINOIS IRS,LINCOLNWOOD,6660,946204000.0,17942000.0,44705000.0,142073.0,2694.0,6712.0,1.0,1,"Cook County, IL",17.9,low
Greater Chicago,60510,ILLINOIS IRS,BATAVIA,14320,1927460000.0,8788000.0,46867000.0,134599.0,614.0,3273.0,1.0,1,"Kane County, IL",17.6,low
Greater Chicago,60005,ILLINOIS IRS,ARLINGTON HEIGHTS,15460,1935378000.0,11734000.0,61471000.0,125186.0,759.0,3976.0,1.0,1,"Cook County, IL",17.6,low
Greater Chicago,60202,ILLINOIS IRS,EVANSTON,15950,1881280000.0,14625000.0,75054000.0,117949.0,917.0,4706.0,1.0,1,"Cook County, IL",17.6,low
Greater Chicago,60640,ILLINOIS IRS,CHICAGO,34930,3379798000.0,14690000.0,72925000.0,96759.0,421.0,2088.0,1.0,1,"Cook County, IL",17.6,low
Greater Chicago,60061,ILLINOIS IRS,VERNON HILLS,13430,1801979000.0,10200000.0,44600000.0,134176.0,759.0,3321.0,1.0,1,"Lake County, IL",17.5,low
Greater Chicago,60174,ILLINOIS IRS,SAINT CHARLES,16450,2014936000.0,11396000.0,59086000.0,122489.0,693.0,3592.0,1.0,2,"DuPage County, IL | Kane County, IL",17.5,low
Greater Chicago,60060,ILLINOIS IRS,MUNDELEIN,19000,2268816000.0,13153000.0,52620000.0,119411.0,692.0,2769.0,1.0,1,"Lake County, IL",17.5,low
Greater Chicago,60646,ILLINOIS IRS,CHICAGO,13610,1761236000.0,9537000.0,39119000.0,129407.0,701.0,2874.0,1.0,1,"Cook County, IL",17.2,low
Greater Chicago,46307,INDIANA IRS,CROWN POINT,34930,3270426000.0,15244000.0,40843000.0,93628.0,436.0,1169.0,1.0,2,"Lake County, IN | Porter County, IN",17.2,low
Greater Chicago,46385,INDIANA IRS,VALPARAISO,20840,2263856000.0,12287000.0,51916000.0,108630.0,590.0,2491.0,1.0,1,"Porter County, IN",17.1,low
Greater Chicago,60056,ILLINOIS IRS,MOUNT PROSPECT,28180,2670927000.0,14643000.0,64417000.0,94781.0,520.0,2286.0,1.0,1,"Cook County, IL",17.1,low
Greater Chicago,60625,ILLINOIS IRS,CHICAGO,35310,3127756000.0,15261000.0,48888000.0,88580.0,432.0,1385.0,1.0,1,"Cook County, IL",17.1,low
Greater Chicago,60124,ILLINOIS IRS,ELGIN,13070,1665429000.0,7591000.0,35617000.0,127424.0,581.0,2725.0,1.0,1,"Kane County, IL",17.0,low
Greater Chicago,60532,ILLINOIS IRS,LISLE,14510,1670578000.0,11225000.0,50274000.0,115133.0,774.0,3465.0,1.0,1,"DuPage County, IL",17.0,low
Greater Chicago,60203,ILLINOIS IRS,EVANSTON,2300,425901000.0,3290000.0,15130000.0,185174.0,1430.0,6578.0,1.0,1,"Cook County, IL",16.9,low
Greater Chicago,60642,ILLINOIS IRS,CHICAGO,11930,1656928000.0,4961000.0,18682000.0,138888.0,416.0,1566.0,1.0,1,"Cook County, IL",16.9,low
Greater Chicago,60448,ILLINOIS IRS,MOKENA,12880,1604713000.0,14138000.0,29592000.0,124590.0,1098.0,2298.0,1.0,2,"Cook County, IL | Will County, IL",16.9,low
Greater Chicago,60516,ILLINOIS IRS,DOWNERS GROVE,14830,1717419000.0,9934000.0,45571000.0,115807.0,670.0,3073.0,1.0,1,"DuPage County, IL",16.9,low
Greater Chicago,60462,ILLINOIS IRS,ORLAND PARK,20950,2132004000.0,15712000.0,47084000.0,101766.0,750.0,2247.0,1.0,1,"Cook County, IL",16.9,low
Greater Chicago,60661,ILLINOIS IRS,CHICAGO,6910,1101225000.0,3118000.0,15872000.0,159367.0,451.0,2297.0,1.0,1,"Cook County, IL",16.8,low
Greater Chicago,60491,ILLINOIS IRS,HOMER GLEN,11690,1488216000.0,10084000.0,27311000.0,127307.0,863.0,2336.0,1.0,2,"Cook County, IL | Will County, IL",16.8,low
Greater Chicago,60076,ILLINOIS IRS,SKOKIE,16750,1667508000.0,25460000.0,49386000.0,99553.0,1520.0,2948.0,1.0,1,"Cook County, IL",16.8,low
Greater Chicago,60014,ILLINOIS IRS,CRYSTAL LAKE,24440,2401980000.0,8799000.0,43688000.0,98281.0,360.0,1788.0,1.0,1,"McHenry County, IL",16.8,low
Greater Chicago,60451,ILLINOIS IRS,NEW LENOX,18580,2042483000.0,9687000.0,28672000.0,109929.0,521.0,1543.0,1.0,1,"Will County, IL",16.7,low
Greater Chicago,60103,ILLINOIS IRS,BARTLETT,20710,2193062000.0,8603000.0,30359000.0,105894.0,415.0,1466.0,1.0,3,"Cook County, IL | DuPage County, IL | Kane County, IL",16.7,low
Greater Chicago,60148,ILLINOIS IRS,LOMBARD,26660,2426063000.0,10375000.0,45360000.0,91000.0,389.0,1701.0,1.0,1,"DuPage County, IL",16.7,low
Greater Chicago,60031,ILLINOIS IRS,GURNEE,19400,1958282000.0,7982000.0,45498000.0,100942.0,411.0,2345.0,1.0,1,"Lake County, IL",16.6,low
Greater Chicago,60502,ILLINOIS IRS,AURORA,10620,1354084000.0,8669000.0,22181000.0,127503.0,816.0,2089.0,1.0,2,"DuPage County, IL | Kane County, IL",16.5,low
Greater Chicago,46321,INDIANA IRS,MUNSTER,11670,1361643000.0,9126000.0,37375000.0,116679.0,782.0,3203.0,1.0,1,"Lake County, IN",16.5,low
Greater Chicago,60030,ILLINOIS IRS,GRAYSLAKE,18640,1882290000.0,7098000.0,45113000.0,100981.0,381.0,2420.0,1.0,1,"Lake County, IL",16.5,low
Greater Chicago,60585,ILLINOIS IRS,PLAINFIELD,11800,1526444000.0,4266000.0,15291000.0,129360.0,362.0,1296.0,1.0,2,"Kendall County, IL | Will County, IL",16.4,low
Greater Chicago,60631,ILLINOIS IRS,CHICAGO,15140,1690284000.0,7614000.0,26116000.0,111644.0,503.0,1725.0,1.0,1,"Cook County, IL",16.4,low
Greater Chicago,60546,ILLINOIS IRS,RIVERSIDE,8150,1063895000.0,5160000.0,28708000.0,130539.0,633.0,3522.0,1.0,1,"Cook County, IL",16.3,low
Greater Chicago,46373,INDIANA IRS,SAINT JOHN,9680,1232992000.0,7461000.0,19095000.0,127375.0,771.0,1973.0,1.0,1,"Lake County, IN",16.3,low
Greater Chicago,60561,ILLINOIS IRS,DARIEN,12330,1344454000.0,9229000.0,37154000.0,109039.0,748.0,3013.0,1.0,1,"DuPage County, IL",16.3,low
Greater Chicago,60463,ILLINOIS IRS,PALOS HEIGHTS,7580,924791000.0,9014000.0,30618000.0,122004.0,1189.0,4039.0,1.0,1,"Cook County, IL",16.2,low
Greater Chicago,60046,ILLINOIS IRS,LAKE VILLA,17450,1737447000.0,6119000.0,32122000.0,99567.0,351.0,1841.0,1.0,1,"Lake County, IL",16.2,low
Greater Chicago,60142,ILLINOIS IRS,HUNTLEY,15820,1558332000.0,9797000.0,37052000.0,98504.0,619.0,2342.0,1.0,2,"Kane County, IL | McHenry County, IL",16.2,low
Greater Chicago,60615,ILLINOIS IRS,CHICAGO,17940,1678164000.0,6041000.0,45760000.0,93543.0,337.0,2551.0,1.0,1,"Cook County, IL",16.2,low
Greater Chicago,60016,ILLINOIS IRS,DES PLAINES,31350,2239792000.0,12454000.0,35187000.0,71445.0,397.0,1122.0,1.0,1,"Cook County, IL",16.2,low
Greater Chicago,60543,ILLINOIS IRS,OSWEGO,19920,1892353000.0,5458000.0,19955000.0,94998.0,274.0,1002.0,1.0,3,"Kane County, IL | Kendall County, IL | Will County, IL",16.1,low
Greater Chicago,60193,ILLINOIS IRS,SCHAUMBURG,20560,1854906000.0,9436000.0,28456000.0,90219.0,459.0,1384.0,1.0,1,"Cook County, IL",16.1,low
Greater Chicago,60616,ILLINOIS IRS,CHICAGO,23760,1957332000.0,11496000.0,30318000.0,82379.0,484.0,1276.0,1.0,1,"Cook County, IL",16.1,low
Greater Chicago,60304,ILLINOIS IRS,OAK PARK,7940,1054232000.0,3541000.0,15964000.0,132775.0,446.0,2011.0,1.0,1,"Cook County, IL",16.0,low
Greater Chicago,60108,ILLINOIS IRS,BLOOMINGDALE,11870,1292659000.0,8867000.0,27179000.0,108901.0,747.0,2290.0,1.0,1,"DuPage County, IL",16.0,low
Greater Chicago,60559,ILLINOIS IRS,WESTMONT,12260,1212551000.0,7554000.0,47477000.0,98903.0,616.0,3873.0,1.0,1,"DuPage County, IL",16.0,low
Greater Chicago,60102,ILLINOIS IRS,ALGONQUIN,16790,1644303000.0,6386000.0,22795000.0,97933.0,380.0,1358.0,1.0,3,"Cook County, IL | Kane County, IL | McHenry County, IL",16.0,low
Greater Chicago,60453,ILLINOIS IRS,OAK LAWN,29040,2103800000.0,10673000.0,26416000.0,72445.0,368.0,910.0,1.0,1,"Cook County, IL",16.0,low
Greater Chicago,60012,ILLINOIS IRS,CRYSTAL LAKE,5690,778578000.0,4242000.0,19438000.0,136833.0,746.0,3416.0,1.0,1,"McHenry County, IL",15.9,low
Greater Chicago,60526,ILLINOIS IRS,LA GRANGE PARK,6690,841810000.0,4890000.0,25531000.0,125831.0,731.0,3816.0,1.0,1,"Cook County, IL",15.9,low
Greater Chicago,60013,ILLINOIS IRS,CARY,13490,1416950000.0,6309000.0,22983000.0,105037.0,468.0,1704.0,1.0,2,"Lake County, IL | McHenry County, IL",15.9,low
Greater Chicago,60517,ILLINOIS IRS,WOODRIDGE,17040,1560701000.0,9169000.0,26543000.0,91590.0,538.0,1558.0,1.0,2,"DuPage County, IL | Will County, IL",15.9,low
Greater Chicago,60007,ILLINOIS IRS,ELK GROVE VILLAGE,17900,1603918000.0,8647000.0,27939000.0,89604.0,483.0,1561.0,1.0,2,"Cook County, IL | DuPage County, IL",15.9,low
Greater Chicago,46383,INDIANA IRS,VALPARAISO,19630,1734419000.0,7086000.0,26239000.0,88356.0,361.0,1337.0,0.9994,1,"Porter County, IN",15.9,low
Greater Chicago,60645,ILLINOIS IRS,CHICAGO,20290,1652747000.0,13505000.0,30950000.0,81456.0,666.0,1525.0,1.0,1,"Cook County, IL",15.9,low
Greater Chicago,60630,ILLINOIS IRS,CHICAGO,26780,2028324000.0,7396000.0,21649000.0,75740.0,276.0,808.0,1.0,1,"Cook County, IL",15.9,low
Greater Chicago,60641,ILLINOIS IRS,CHICAGO,32690,2194154000.0,5702000.0,17811000.0,67120.0,174.0,545.0,1.0,1,"Cook County, IL",15.9,low
Greater Chicago,60634,ILLINOIS IRS,CHICAGO,37640,2356016000.0,6751000.0,17166000.0,62593.0,179.0,456.0,1.0,1,"Cook County, IL",15.9,low
Greater Chicago,60190,ILLINOIS IRS,WINFIELD,6090,782765000.0,3613000.0,23775000.0,128533.0,593.0,3904.0,1.0,1,"DuPage County, IL",15.8,low
Greater Chicago,60192,ILLINOIS IRS,HOFFMAN ESTATES,8090,1006801000.0,5159000.0,16147000.0,124450.0,638.0,1996.0,1.0,2,"Cook County, IL | Kane County, IL",15.8,low
Greater Chicago,60487,ILLINOIS IRS,TINLEY PARK,13390,1331258000.0,6928000.0,29817000.0,99422.0,517.0,2227.0,1.0,2,"Cook County, IL | Will County, IL",15.8,low
Greater Chicago,60188,ILLINOIS IRS,CAROL STREAM,21200,1751664000.0,6151000.0,24835000.0,82626.0,290.0,1171.0,1.0,1,"DuPage County, IL",15.8,low
Greater Chicago,60643,ILLINOIS IRS,CHICAGO,23020,1838868000.0,5142000.0,25781000.0,79881.0,223.0,1120.0,1.0,1,"Cook County, IL",15.8,low
Greater Chicago,60655,ILLINOIS IRS,CHICAGO,13870,1442712000.0,4064000.0,12377000.0,104017.0,293.0,892.0,1.0,1,"Cook County, IL",15.7,low
Greater Chicago,60172,ILLINOIS IRS,ROSELLE,12980,1285595000.0,6141000.0,25777000.0,99044.0,473.0,1986.0,1.0,2,"Cook County, IL | DuPage County, IL",15.7,low
Greater Chicago,46304,INDIANA IRS,CHESTERTON,13750,1336599000.0,6167000.0,26472000.0,97207.0,449.0,1925.0,1.0,1,"Porter County, IN",15.7,low
Greater Chicago,46375,INDIANA IRS,SCHERERVILLE,12900,1250612000.0,7699000.0,28162000.0,96947.0,597.0,2183.0,1.0,1,"Lake County, IN",15.7,low
Greater Chicago,60586,ILLINOIS IRS,PLAINFIELD,23510,1910865000.0,3361000.0,10465000.0,81279.0,143.0,445.0,1.0,2,"Kendall County, IL | Will County, IL",15.7,low
Greater Chicago,46311,INDIANA IRS,DYER,11900,1198297000.0,7364000.0,20112000.0,100697.0,619.0,1690.0,1.0,1,"Lake County, IN",15.6,low
Greater Chicago,60560,ILLINOIS IRS,YORKVILLE,14410,1426705000.0,5184000.0,13015000.0,99008.0,360.0,903.0,1.0,1,"Kendall County, IL",15.6,low
Greater Chicago,60098,ILLINOIS IRS,WOODSTOCK,16520,1371725000.0,8557000.0,33582000.0,83034.0,518.0,2033.0,1.0,1,"McHenry County, IL",15.6,low
Greater Chicago,60660,ILLINOIS IRS,CHICAGO,20610,1615181000.0,5740000.0,32153000.0,78369.0,279.0,1560.0,1.0,1,"Cook County, IL",15.6,low
Greater Chicago,60638,ILLINOIS IRS,CHICAGO,27590,1899922000.0,5096000.0,10661000.0,68863.0,185.0,386.0,1.0,1,"Cook County, IL",15.6,low
Greater Chicago,60629,ILLINOIS IRS,CHICAGO,48150,2149464000.0,2165000.0,7858000.0,44641.0,45.0,163.0,1.0,1,"Cook County, IL",15.6,low
Greater Chicago,60053,ILLINOIS IRS,MORTON GROVE,12770,1189988000.0,8012000.0,26627000.0,93186.0,627.0,2085.0,1.0,1,"Cook County, IL",15.5,low
Greater Chicago,60441,ILLINOIS IRS,LOCKPORT,17740,1540804000.0,4427000.0,14570000.0,86855.0,250.0,821.0,1.0,1,"Will County, IL",15.5,low
Greater Chicago,60477,ILLINOIS IRS,TINLEY PARK,19790,1594768000.0,5927000.0,18299000.0,80585.0,299.0,925.0,1.0,2,"Cook County, IL | Will County, IL",15.5,low
Greater Chicago,60404,ILLINOIS IRS,SHOREWOOD,10420,1090385000.0,4455000.0,18524000.0,104643.0,428.0,1778.0,1.0,1,"Will County, IL",15.4,low
Greater Chicago,60637,ILLINOIS IRS,CHICAGO,18010,1301318000.0,7607000.0,43333000.0,72255.0,422.0,2406.0,1.0,1,"Cook County, IL",15.4,low
Greater Chicago,60073,ILLINOIS IRS,ROUND LAKE,29070,1855153000.0,2988000.0,10223000.0,63817.0,103.0,352.0,1.0,1,"Lake County, IL",15.4,low
Greater Chicago,60554,ILLINOIS IRS,SUGAR GROVE,6210,760299000.0,3796000.0,15913000.0,122431.0,611.0,2562.0,1.0,2,"Kane County, IL | Kendall County, IL",15.3,low
Greater Chicago,60490,ILLINOIS IRS,BOLINGBROOK,10830,1158490000.0,2793000.0,9111000.0,106970.0,258.0,841.0,1.0,1,"Will County, IL",15.3,low
Greater Chicago,53158,WISCONSIN IRS,PLEASANT PRAIRIE,9490,991209000.0,4079000.0,22048000.0,104448.0,430.0,2323.0,1.0,1,"Kenosha County, WI",15.3,low
Greater Chicago,60118,ILLINOIS IRS,DUNDEE,9080,931839000.0,4656000.0,24504000.0,102625.0,513.0,2699.0,1.0,1,"Kane County, IL",15.3,low
Greater Chicago,60002,ILLINOIS IRS,ANTIOCH,12210,1155727000.0,4853000.0,22483000.0,94654.0,397.0,1841.0,1.0,2,"Lake County, IL | McHenry County, IL",15.3,low
Greater Chicago,60077,ILLINOIS IRS,SKOKIE,13740,1173925000.0,8060000.0,26253000.0,85439.0,587.0,1911.0,1.0,1,"Cook County, IL",15.3,low
Greater Chicago,60185,ILLINOIS IRS,WEST CHICAGO,16420,1365739000.0,6777000.0,20185000.0,83175.0,413.0,1229.0,1.0,2,"DuPage County, IL | Kane County, IL",15.3,low
Greater Chicago,60504,ILLINOIS IRS,AURORA,18660,1523735000.0,3503000.0,13422000.0,81658.0,188.0,719.0,1.0,3,"DuPage County, IL | Kane County, IL | Kendall County, IL",15.3,low
Greater Chicago,60074,ILLINOIS IRS,PALATINE,18960,1434620000.0,5237000.0,24716000.0,75666.0,276.0,1304.0,1.0,2,"Cook County, IL | Lake County, IL",15.3,low
Greater Chicago,60090,ILLINOIS IRS,WHEELING,19800,1450450000.0,6737000.0,22034000.0,73255.0,340.0,1113.0,1.0,2,"Cook County, IL | Lake County, IL",15.3,low
Greater Chicago,60440,ILLINOIS IRS,BOLINGBROOK,25660,1692063000.0,2995000.0,11671000.0,65942.0,117.0,455.0,1.0,2,"DuPage County, IL | Will County, IL",15.3,low
Greater Chicago,60608,ILLINOIS IRS,CHICAGO,29630,1763483000.0,3852000.0,10378000.0,59517.0,130.0,350.0,1.0,1,"Cook County, IL",15.3,low
Greater Chicago,60619,ILLINOIS IRS,CHICAGO,26330,1551200000.0,6287000.0,34713000.0,58914.0,239.0,1318.0,1.0,1,"Cook County, IL",15.3,low
Greater Chicago,60051,ILLINOIS IRS,MCHENRY,13140,1183523000.0,5758000.0,17489000.0,90070.0,438.0,1331.0,1.0,2,"Lake County, IL | McHenry County, IL",15.2,low
Greater Chicago,60156,ILLINOIS IRS,LAKE IN THE HILLS,14360,1283130000.0,3735000.0,15920000.0,89354.0,260.0,1109.0,1.0,1,"McHenry County, IL",15.2,low
Greater Chicago,60544,ILLINOIS IRS,PLAINFIELD,14130,1257007000.0,3595000.0,16914000.0,88960.0,254.0,1197.0,1.0,2,"Kendall County, IL | Will County, IL",15.2,low
Greater Chicago,60050,ILLINOIS IRS,MCHENRY,16570,1315022000.0,7386000.0,17945000.0,79362.0,446.0,1083.0,1.0,2,"Lake County, IL | McHenry County, IL",15.2,low
Greater Chicago,60506,ILLINOIS IRS,AURORA,24910,1543410000.0,4521000.0,18024000.0,61959.0,181.0,724.0,1.0,2,"Kane County, IL | Kendall County, IL",15.2,low
Greater Chicago,60402,ILLINOIS IRS,BERWYN,29320,1695076000.0,3739000.0,11380000.0,57813.0,128.0,388.0,1.0,1,"Cook County, IL",15.2,low
Greater Chicago,60422,ILLINOIS IRS,FLOSSMOOR,4980,613839000.0,3004000.0,17741000.0,123261.0,603.0,3562.0,1.0,1,"Cook County, IL",15.1,low
Greater Chicago,53142,WISCONSIN IRS,KENOSHA,16670,1287092000.0,5907000.0,16077000.0,77210.0,354.0,964.0,1.0,1,"Kenosha County, WI",15.1,low
Greater Chicago,60714,ILLINOIS IRS,NILES,15540,1166456000.0,9159000.0,25054000.0,75062.0,589.0,1612.0,1.0,1,"Cook County, IL",15.1,low
Greater Chicago,60101,ILLINOIS IRS,ADDISON,18590,1334290000.0,6376000.0,18562000.0,71775.0,343.0,998.0,1.0,1,"DuPage County, IL",15.1,low
Greater Chicago,60107,ILLINOIS IRS,STREAMWOOD,20550,1453722000.0,3647000.0,10064000.0,70741.0,177.0,490.0,1.0,2,"Cook County, IL | DuPage County, IL",15.1,low
Greater Chicago,60119,ILLINOIS IRS,ELBURN,5620,680766000.0,3791000.0,12832000.0,121133.0,675.0,2283.0,1.0,2,"DeKalb County, IL | Kane County, IL",15.0,low
Greater Chicago,60177,ILLINOIS IRS,SOUTH ELGIN,12430,1162069000.0,2287000.0,10110000.0,93489.0,184.0,813.0,1.0,1,"Kane County, IL",15.0,low
Greater Chicago,60431,ILLINOIS IRS,JOLIET,14230,1170526000.0,3253000.0,18636000.0,82258.0,229.0,1310.0,1.0,2,"Kendall County, IL | Will County, IL",15.0,low
Greater Chicago,60707,ILLINOIS IRS,ELMWOOD PARK,21240,1415148000.0,3941000.0,15741000.0,66627.0,186.0,741.0,1.0,1,"Cook County, IL",15.0,low
Greater Chicago,60626,ILLINOIS IRS,CHICAGO,22190,1370744000.0,4118000.0,20421000.0,61773.0,186.0,920.0,1.0,1,"Cook County, IL",15.0,low
Greater Chicago,60435,ILLINOIS IRS,JOLIET,23880,1443229000.0,4107000.0,20115000.0,60437.0,172.0,842.0,1.0,2,"Kendall County, IL | Will County, IL",15.0,low
Greater Chicago,60617,ILLINOIS IRS,CHICAGO,32590,1575477000.0,2258000.0,8247000.0,48342.0,69.0,253.0,1.0,1,"Cook County, IL",15.0,low
Greater Chicago,60632,ILLINOIS IRS,CHICAGO,36120,1574695000.0,2326000.0,4139000.0,43596.0,64.0,115.0,1.0,1,"Cook County, IL",15.0,low
Greater Chicago,60639,ILLINOIS IRS,CHICAGO,37020,1579274000.0,1281000.0,3037000.0,42660.0,35.0,82.0,1.0,1,"Cook County, IL",15.0,low
Greater Chicago,60143,ILLINOIS IRS,ITASCA,5830,676268000.0,3971000.0,14573000.0,115998.0,681.0,2500.0,1.0,2,"Cook County, IL | DuPage County, IL",14.9,low
Greater Chicago,60083,ILLINOIS IRS,WADSWORTH,5050,573253000.0,2543000.0,22941000.0,113515.0,504.0,4543.0,1.0,1,"Lake County, IL",14.9,low
Greater Chicago,60070,ILLINOIS IRS,PROSPECT HEIGHTS,7820,754758000.0,4355000.0,24735000.0,96516.0,557.0,3163.0,1.0,1,"Cook County, IL",14.9,low
Greater Chicago,60140,ILLINOIS IRS,HAMPSHIRE,11490,1065212000.0,4591000.0,11377000.0,92708.0,400.0,990.0,1.0,3,"DeKalb County, IL | Kane County, IL | McHenry County, IL",14.9,low
Greater Chicago,60178,ILLINOIS IRS,SYCAMORE,11360,1017333000.0,5207000.0,17313000.0,89554.0,458.0,1524.0,1.0,2,"DeKalb County, IL | Kane County, IL",14.9,low
Greater Chicago,60181,ILLINOIS IRS,VILLA PARK,14860,1160606000.0,4650000.0,18922000.0,78103.0,313.0,1273.0,1.0,1,"DuPage County, IL",14.9,low
Greater Chicago,60123,ILLINOIS IRS,ELGIN,23280,1380057000.0,3703000.0,16035000.0,59281.0,159.0,689.0,1.0,1,"Kane County, IL",14.9,low
Greater Chicago,60804,ILLINOIS IRS,CICERO,33700,1469055000.0,1354000.0,4380000.0,43592.0,40.0,130.0,1.0,1,"Cook County, IL",14.9,low
Greater Chicago,60173,ILLINOIS IRS,SCHAUMBURG,7140,755793000.0,5937000.0,12919000.0,105853.0,832.0,1809.0,1.0,1,"Cook County, IL",14.8,low
Greater Chicago,60656,ILLINOIS IRS,CHICAGO,14280,1121046000.0,5312000.0,15729000.0,78505.0,372.0,1101.0,1.0,1,"Cook County, IL",14.8,low
Greater Chicago,60169,ILLINOIS IRS,HOFFMAN ESTATES,16420,1174089000.0,3636000.0,15501000.0,71504.0,221.0,944.0,1.0,1,"Cook County, IL",14.8,low
Greater Chicago,60659,ILLINOIS IRS,CHICAGO,17400,1062507000.0,13673000.0,27618000.0,61064.0,786.0,1587.0,1.0,1,"Cook County, IL",14.8,low
Greater Chicago,60120,ILLINOIS IRS,ELGIN,24080,1370174000.0,2887000.0,9020000.0,56901.0,120.0,375.0,1.0,3,"Cook County, IL | DuPage County, IL | Kane County, IL",14.8,low
Greater Chicago,60085,ILLINOIS IRS,WAUKEGAN,30550,1391938000.0,2048000.0,12039000.0,45563.0,67.0,394.0,1.0,1,"Lake County, IL",14.8,low
Greater Chicago,60555,ILLINOIS IRS,WARRENVILLE,7930,805107000.0,3378000.0,14026000.0,101527.0,426.0,1769.0,1.0,1,"DuPage County, IL",14.7,low
Greater Chicago,60450,ILLINOIS IRS,MORRIS,10500,912907000.0,4982000.0,17712000.0,86944.0,474.0,1687.0,1.0,2,"Grundy County, IL | Kendall County, IL",14.7,low
Greater Chicago,46368,INDIANA IRS,PORTAGE,19430,1274077000.0,2833000.0,10028000.0,65573.0,146.0,516.0,1.0,2,"Lake County, IN | Porter County, IN",14.7,low
Greater Chicago,60446,ILLINOIS IRS,ROMEOVILLE,20550,1308878000.0,1753000.0,6252000.0,63692.0,85.0,304.0,1.0,1,"Will County, IL",14.7,low
Greater Chicago,60411,ILLINOIS IRS,CHICAGO HEIGHTS,24010,1260871000.0,3786000.0,12976000.0,52514.0,158.0,540.0,1.0,2,"Cook County, IL | Will County, IL",14.7,low
Greater Chicago,60084,ILLINOIS IRS,WAUCONDA,8480,826625000.0,3494000.0,12619000.0,97479.0,412.0,1488.0,1.0,1,"Lake County, IL",14.6,low
Greater Chicago,60612,ILLINOIS IRS,CHICAGO,13920,1043480000.0,4023000.0,11603000.0,74963.0,289.0,834.0,1.0,1,"Cook County, IL",14.6,low
Greater Chicago,60018,ILLINOIS IRS,DES PLAINES,14800,1050606000.0,4724000.0,14465000.0,70987.0,319.0,977.0,1.0,2,"Cook County, IL | DuPage County, IL",14.6,low
Greater Chicago,60115,ILLINOIS IRS,DEKALB,17880,1093835000.0,5875000.0,20867000.0,61176.0,329.0,1167.0,1.0,1,"DeKalb County, IL",14.6,low
Greater Chicago,60609,ILLINOIS IRS,CHICAGO,23560,1168892000.0,1745000.0,8720000.0,49613.0,74.0,370.0,1.0,1,"Cook County, IL",14.5,low
Greater Chicago,60628,ILLINOIS IRS,CHICAGO,27130,1147665000.0,1382000.0,10401000.0,42302.0,51.0,383.0,1.0,1,"Cook County, IL",14.5,low
Greater Chicago,60620,ILLINOIS IRS,CHICAGO,28270,1179223000.0,1074000.0,8258000.0,41713.0,38.0,292.0,1.0,1,"Cook County, IL",14.5,low
Greater Chicago,60542,ILLINOIS IRS,NORTH AURORA,9580,862787000.0,2509000.0,9934000.0,90061.0,262.0,1037.0,1.0,1,"Kane County, IL",14.4,low
Greater Chicago,60194,ILLINOIS IRS,SCHAUMBURG,10100,846783000.0,3597000.0,14260000.0,83840.0,356.0,1412.0,1.0,1,"Cook County, IL",14.4,low
Greater Chicago,60008,ILLINOIS IRS,ROLLING MEADOWS,11670,897592000.0,3620000.0,13645000.0,76914.0,310.0,1169.0,1.0,1,"Cook County, IL",14.4,low
Greater Chicago,60452,ILLINOIS IRS,OAK FOREST,13740,1009947000.0,3256000.0,9311000.0,73504.0,237.0,678.0,1.0,1,"Cook County, IL",14.4,low
Greater Chicago,60706,ILLINOIS IRS,HARWOOD HEIGHTS,12410,899269000.0,6058000.0,14581000.0,72463.0,488.0,1175.0,1.0,1,"Cook County, IL",14.4,low
Greater Chicago,53144,WISCONSIN IRS,KENOSHA,13170,949643000.0,4041000.0,13822000.0,72107.0,307.0,1050.0,0.9996,1,"Kenosha County, WI",14.4,low
Greater Chicago,60652,ILLINOIS IRS,CHICAGO,20400,1147656000.0,1942000.0,5363000.0,56258.0,95.0,263.0,1.0,1,"Cook County, IL",14.4,low
Greater Chicago,60623,ILLINOIS IRS,CHICAGO,29350,1127570000.0,577000.0,4516000.0,38418.0,20.0,154.0,1.0,1,"Cook County, IL",14.4,low
Greater Chicago,60081,ILLINOIS IRS,SPRING GROVE,4710,547591000.0,2508000.0,9170000.0,116261.0,532.0,1947.0,1.0,2,"Lake County, IL | McHenry County, IL",14.3,low
Greater Chicago,60503,ILLINOIS IRS,AURORA,7940,781967000.0,1548000.0,6482000.0,98485.0,195.0,816.0,1.0,3,"Kane County, IL | Kendall County, IL | Will County, IL",14.3,low
Greater Chicago,60133,ILLINOIS IRS,HANOVER PARK,17840,1059200000.0,1903000.0,4827000.0,59372.0,107.0,271.0,1.0,2,"Cook County, IL | DuPage County, IL",14.3,low
Greater Chicago,60110,ILLINOIS IRS,CARPENTERSVILLE,18310,1080347000.0,1792000.0,5866000.0,59003.0,98.0,320.0,1.0,1,"Kane County, IL",14.3,low
Greater Chicago,60505,ILLINOIS IRS,AURORA,25300,1106609000.0,1245000.0,5347000.0,43739.0,49.0,211.0,1.0,1,"Kane County, IL",14.3,low
Greater Chicago,60513,ILLINOIS IRS,BROOKFIELD,9750,800146000.0,2437000.0,10897000.0,82066.0,250.0,1118.0,1.0,1,"Cook County, IL",14.2,low
Greater Chicago,60154,ILLINOIS IRS,WESTCHESTER,9460,761717000.0,3691000.0,16391000.0,80520.0,390.0,1733.0,1.0,1,"Cook County, IL",14.2,low
Greater Chicago,46322,INDIANA IRS,HIGHLAND,12360,864898000.0,3379000.0,11953000.0,69976.0,273.0,967.0,1.0,1,"Lake County, IN",14.2,low
Greater Chicago,60538,ILLINOIS IRS,MONTGOMERY,14610,972682000.0,1547000.0,4968000.0,66576.0,106.0,340.0,1.0,2,"Kane County, IL | Kendall County, IL",14.2,low
Greater Chicago,46342,INDIANA IRS,HOBART,15720,995507000.0,2080000.0,6714000.0,63327.0,132.0,427.0,1.0,2,"Lake County, IN | Porter County, IN",14.2,low
Greater Chicago,46410,INDIANA IRS,MERRILLVILLE,18510,1027843000.0,1840000.0,7340000.0,55529.0,99.0,397.0,1.0,1,"Lake County, IN",14.2,low
Greater Chicago,60651,ILLINOIS IRS,CHICAGO,25650,1051447000.0,798000.0,3505000.0,40992.0,31.0,137.0,1.0,1,"Cook County, IL",14.2,low
Greater Chicago,60805,ILLINOIS IRS,EVERGREEN PARK,9970,794510000.0,2638000.0,9191000.0,79690.0,265.0,922.0,1.0,1,"Cook County, IL",14.1,low
Greater Chicago,60139,ILLINOIS IRS,GLENDALE HEIGHTS,16070,982817000.0,1907000.0,4666000.0,61158.0,119.0,290.0,1.0,1,"DuPage County, IL",14.1,low
Greater Chicago,60442,ILLINOIS IRS,MANHATTAN,6260,639507000.0,1797000.0,5923000.0,102158.0,287.0,946.0,1.0,1,"Will County, IL",14.0,low
Greater Chicago,60410,ILLINOIS IRS,CHANNAHON,7200,670529000.0,1933000.0,6593000.0,93129.0,268.0,916.0,1.0,2,"Grundy County, IL | Will County, IL",14.0,low
Greater Chicago,46356,INDIANA IRS,LOWELL,9540,780280000.0,2053000.0,5758000.0,81790.0,215.0,604.0,1.0,1,"Lake County, IN",14.0,low
Greater Chicago,46303,INDIANA IRS,CEDAR LAKE,9370,764354000.0,2938000.0,7081000.0,81575.0,314.0,756.0,1.0,1,"Lake County, IN",14.0,low
Greater Chicago,60430,ILLINOIS IRS,HOMEWOOD,10030,755927000.0,2099000.0,9079000.0,75367.0,209.0,905.0,1.0,1,"Cook County, IL",13.9,low
Greater Chicago,60653,ILLINOIS IRS,CHICAGO,12930,843233000.0,1154000.0,5327000.0,65215.0,89.0,412.0,1.0,1,"Cook County, IL",13.9,low
Greater Chicago,60447,ILLINOIS IRS,MINOOKA,7400,643812000.0,2075000.0,6244000.0,87002.0,280.0,844.0,1.0,3,"Grundy County, IL | Kendall County, IL | Will County, IL",13.8,low
Greater Chicago,60417,ILLINOIS IRS,CRETE,7570,607350000.0,3818000.0,11842000.0,80231.0,504.0,1564.0,1.0,2,"Cook County, IL | Will County, IL",13.8,low
Greater Chicago,60459,ILLINOIS IRS,BURBANK,14120,798166000.0,2375000.0,4482000.0,56527.0,168.0,317.0,1.0,1,"Cook County, IL",13.7,low
Greater Chicago,60438,ILLINOIS IRS,LANSING,14480,794452000.0,1996000.0,7828000.0,54865.0,138.0,541.0,1.0,1,"Cook County, IL",13.7,low
Greater Chicago,60087,ILLINOIS IRS,WAUKEGAN,13580,743050000.0,2068000.0,12186000.0,54716.0,152.0,897.0,1.0,1,"Lake County, IL",13.7,low
Greater Chicago,60099,ILLINOIS IRS,ZION,14800,793143000.0,1326000.0,8456000.0,53591.0,90.0,571.0,1.0,1,"Lake County, IL",13.7,low
Greater Chicago,60191,ILLINOIS IRS,WOOD DALE,7750,601407000.0,3048000.0,7514000.0,77601.0,393.0,970.0,1.0,1,"DuPage County, IL",13.6,low
Greater Chicago,53140,WISCONSIN IRS,KENOSHA,13410,726737000.0,2679000.0,10018000.0,54194.0,200.0,747.0,1.0,1,"Kenosha County, WI",13.6,low
Greater Chicago,60649,ILLINOIS IRS,CHICAGO,16880,770388000.0,754000.0,6240000.0,45639.0,45.0,370.0,1.0,1,"Cook County, IL",13.6,low
Greater Chicago,60152,ILLINOIS IRS,MARENGO,6120,523374000.0,2948000.0,7139000.0,85519.0,482.0,1167.0,0.9994,2,"DeKalb County, IL | McHenry County, IL",13.5,low
Greater Chicago,60473,ILLINOIS IRS,SOUTH HOLLAND,11370,660011000.0,2077000.0,8948000.0,58048.0,183.0,787.0,1.0,1,"Cook County, IL",13.5,low
Greater Chicago,60409,ILLINOIS IRS,CALUMET CITY,16340,713971000.0,1231000.0,5966000.0,43695.0,75.0,365.0,1.0,1,"Cook County, IL",13.5,low
Greater Chicago,60157,ILLINOIS IRS,MEDINAH,1320,183704000.0,1602000.0,5531000.0,139170.0,1214.0,4190.0,1.0,1,"DuPage County, IL",13.4,low
Greater Chicago,60130,ILLINOIS IRS,FOREST PARK,7340,563315000.0,1873000.0,7237000.0,76746.0,255.0,986.0,1.0,1,"Cook County, IL",13.4,low
Greater Chicago,60465,ILLINOIS IRS,PALOS HILLS,9180,615862000.0,3147000.0,7275000.0,67087.0,343.0,792.0,1.0,1,"Cook County, IL",13.4,low
Greater Chicago,60443,ILLINOIS IRS,MATTESON,10750,661924000.0,986000.0,3456000.0,61574.0,92.0,321.0,1.0,1,"Cook County, IL",13.3,low
Greater Chicago,60803,ILLINOIS IRS,ALSIP,10890,636889000.0,1220000.0,4744000.0,58484.0,112.0,436.0,1.0,1,"Cook County, IL",13.3,low
Greater Chicago,53143,WISCONSIN IRS,KENOSHA,10680,605441000.0,1516000.0,8433000.0,56689.0,142.0,790.0,1.0,1,"Kenosha County, WI",13.3,low
Greater Chicago,60644,ILLINOIS IRS,CHICAGO,17230,629679000.0,360000.0,5044000.0,36546.0,21.0,293.0,1.0,1,"Cook County, IL",13.3,low
Greater Chicago,60480,ILLINOIS IRS,WILLOW SPRINGS,2940,317829000.0,1836000.0,6603000.0,108105.0,624.0,2246.0,1.0,1,"Cook County, IL",13.2,low
Greater Chicago,60136,ILLINOIS IRS,GILBERTS,4070,425170000.0,1306000.0,3118000.0,104464.0,321.0,766.0,1.0,1,"Kane County, IL",13.2,low
Greater Chicago,53168,WISCONSIN IRS,SALEM,4510,417065000.0,1769000.0,6486000.0,92476.0,392.0,1438.0,1.0,1,"Kenosha County, WI",13.2,low
Greater Chicago,60106,ILLINOIS IRS,BENSENVILLE,9340,577687000.0,1747000.0,4664000.0,61851.0,187.0,499.0,1.0,1,"DuPage County, IL",13.2,low
Greater Chicago,60403,ILLINOIS IRS,CREST HILL,9130,546998000.0,1736000.0,6669000.0,59912.0,190.0,730.0,1.0,1,"Will County, IL",13.1,low
Greater Chicago,60449,ILLINOIS IRS,MONEE,4560,421196000.0,1323000.0,4475000.0,92368.0,290.0,981.0,1.0,2,"Cook County, IL | Will County, IL",13.0,low
Greater Chicago,46310,INDIANA IRS,DEMOTTE,6960,492422000.0,3027000.0,3633000.0,70750.0,435.0,522.0,1.0,2,"Jasper County, IN | Newton County, IN",13.0,low
Greater Chicago,46319,INDIANA IRS,GRIFFITH,8640,530362000.0,1399000.0,4109000.0,61384.0,162.0,476.0,1.0,1,"Lake County, IN",13.0,low
Greater Chicago,60164,ILLINOIS IRS,MELROSE PARK,10800,561782000.0,920000.0,3054000.0,52017.0,85.0,283.0,1.0,1,"Cook County, IL",13.0,low
Greater Chicago,60160,ILLINOIS IRS,MELROSE PARK,10810,557902000.0,1202000.0,3563000.0,51610.0,111.0,330.0,1.0,1,"Cook County, IL",13.0,low
Greater Chicago,60481,ILLINOIS IRS,WILMINGTON,5750,437933000.0,1400000.0,6190000.0,76162.0,243.0,1077.0,0.9952,2,"Grundy County, IL | Will County, IL",12.9,low
Greater Chicago,60545,ILLINOIS IRS,PLANO,6940,482801000.0,1205000.0,3992000.0,69568.0,174.0,575.0,1.0,2,"Kane County, IL | Kendall County, IL",12.9,low
Greater Chicago,60131,ILLINOIS IRS,FRANKLIN PARK,9320,533290000.0,1057000.0,3012000.0,57220.0,113.0,323.0,1.0,1,"Cook County, IL",12.9,low
Greater Chicago,60020,ILLINOIS IRS,FOX LAKE,5720,433752000.0,1253000.0,4702000.0,75831.0,219.0,822.0,1.0,2,"Lake County, IL | McHenry County, IL",12.8,low
Greater Chicago,60457,ILLINOIS IRS,HICKORY HILLS,6850,457421000.0,1875000.0,5764000.0,66777.0,274.0,841.0,1.0,1,"Cook County, IL",12.8,low
Greater Chicago,53104,WISCONSIN IRS,BRISTOL,3040,293627000.0,1414000.0,5991000.0,96588.0,465.0,1971.0,1.0,1,"Kenosha County, WI",12.7,low
Greater Chicago,46341,INDIANA IRS,HEBRON,5110,405567000.0,1299000.0,3945000.0,79367.0,254.0,772.0,1.0,4,"Jasper County, IN | Lake County, IN | Newton County, IN | Porter County, IN",12.7,low
Greater Chicago,46323,INDIANA IRS,HAMMOND,9990,496155000.0,694000.0,3342000.0,49665.0,69.0,335.0,1.0,1,"Lake County, IN",12.7,low
Greater Chicago,60466,ILLINOIS IRS,PARK FOREST,10110,480534000.0,736000.0,4563000.0,47531.0,73.0,451.0,1.0,2,"Cook County, IL | Will County, IL",12.7,low
Greater Chicago,60406,ILLINOIS IRS,BLUE ISLAND,10630,491873000.0,827000.0,1607000.0,46272.0,78.0,151.0,1.0,1,"Cook County, IL",12.7,low
Greater Chicago,60624,ILLINOIS IRS,CHICAGO,13510,475267000.0,174000.0,2381000.0,35179.0,13.0,176.0,1.0,1,"Cook County, IL",12.7,low
Greater Chicago,60636,ILLINOIS IRS,CHICAGO,13170,443614000.0,183000.0,4720000.0,33684.0,14.0,358.0,1.0,1,"Cook County, IL",12.7,low
Greater Chicago,60021,ILLINOIS IRS,FOX RIVER GROVE,2790,291811000.0,647000.0,3785000.0,104592.0,232.0,1357.0,1.0,2,"Lake County, IL | McHenry County, IL",12.6,low
Greater Chicago,60097,ILLINOIS IRS,WONDER LAKE,5920,411687000.0,1087000.0,3991000.0,69542.0,184.0,674.0,1.0,1,"McHenry County, IL",12.6,low
Greater Chicago,60455,ILLINOIS IRS,BRIDGEVIEW,7610,448736000.0,1092000.0,4285000.0,58967.0,143.0,563.0,1.0,1,"Cook County, IL",12.6,low
Greater Chicago,46324,INDIANA IRS,HAMMOND,9860,475098000.0,602000.0,2769000.0,48184.0,61.0,281.0,1.0,1,"Lake County, IN",12.6,low
Greater Chicago,60153,ILLINOIS IRS,MAYWOOD,10650,467819000.0,241000.0,1874000.0,43927.0,23.0,176.0,1.0,1,"Cook County, IL",12.6,low
Greater Chicago,60461,ILLINOIS IRS,OLYMPIA FIELDS,2490,251756000.0,948000.0,5406000.0,101107.0,381.0,2171.0,1.0,1,"Cook County, IL",12.5,low
Greater Chicago,60416,ILLINOIS IRS,COAL CITY,4810,370812000.0,1221000.0,4268000.0,77092.0,254.0,887.0,1.0,2,"Grundy County, IL | Will County, IL",12.5,low
Greater Chicago,60033,ILLINOIS IRS,HARVARD,6400,393399000.0,1899000.0,5925000.0,61469.0,297.0,926.0,0.9933,1,"McHenry County, IL",12.5,low
Greater Chicago,60445,ILLINOIS IRS,MIDLOTHIAN,7530,437234000.0,1050000.0,2698000.0,58066.0,139.0,358.0,1.0,1,"Cook County, IL",12.5,low
Greater Chicago,60104,ILLINOIS IRS,BELLWOOD,9480,448674000.0,300000.0,1369000.0,47328.0,32.0,144.0,1.0,1,"Cook County, IL",12.5,low
Greater Chicago,60419,ILLINOIS IRS,DOLTON,10230,449299000.0,381000.0,2516000.0,43920.0,37.0,246.0,1.0,1,"Cook County, IL",12.5,low
Greater Chicago,53181,WISCONSIN IRS,TWIN LAKES,4090,335384000.0,1021000.0,3980000.0,82001.0,250.0,973.0,1.0,1,"Kenosha County, WI",12.4,low
Greater Chicago,60096,ILLINOIS IRS,WINTHROP HARBOR,3420,272775000.0,962000.0,9608000.0,79759.0,281.0,2809.0,1.0,1,"Lake County, IL",12.4,low
Greater Chicago,60041,ILLINOIS IRS,INGLESIDE,4710,352337000.0,1194000.0,4839000.0,74806.0,254.0,1027.0,1.0,1,"Lake County, IL",12.4,low
Greater Chicago,60478,ILLINOIS IRS,COUNTRY CLUB HILLS,7910,414407000.0,455000.0,2235000.0,52390.0,58.0,283.0,1.0,1,"Cook County, IL",12.4,low
Greater Chicago,60436,ILLINOIS IRS,JOLIET,8290,408629000.0,717000.0,3553000.0,49292.0,86.0,429.0,1.0,1,"Will County, IL",12.4,low
Greater Chicago,60401,ILLINOIS IRS,BEECHER,4050,325191000.0,1525000.0,3485000.0,80294.0,377.0,860.0,0.9895,1,"Will County, IL",12.3,low
Greater Chicago,60432,ILLINOIS IRS,JOLIET,8700,408575000.0,339000.0,1445000.0,46963.0,39.0,166.0,1.0,1,"Will County, IL",12.3,low
Greater Chicago,60827,ILLINOIS IRS,RIVERDALE,10440,389886000.0,196000.0,3603000.0,37345.0,19.0,345.0,1.0,1,"Cook County, IL",12.3,low
Greater Chicago,60042,ILLINOIS IRS,ISLAND LAKE,4470,331952000.0,662000.0,2504000.0,74262.0,148.0,560.0,1.0,2,"Lake County, IL | McHenry County, IL",12.2,low
Greater Chicago,46312,INDIANA IRS,EAST CHICAGO,9670,364513000.0,290000.0,1214000.0,37695.0,30.0,126.0,1.0,1,"Lake County, IN",12.2,low
Greater Chicago,60426,ILLINOIS IRS,HARVEY,9700,361919000.0,240000.0,2398000.0,37311.0,25.0,247.0,1.0,1,"Cook County, IL",12.2,low
Greater Chicago,60040,ILLINOIS IRS,HIGHWOOD,2430,213136000.0,1541000.0,6251000.0,87710.0,634.0,2572.0,1.0,1,"Lake County, IL",12.1,low
Greater Chicago,47978,INDIANA IRS,RENSSELAER,5210,333114000.0,1260000.0,2949000.0,63937.0,242.0,566.0,0.9961,2,"Jasper County, IN | Newton County, IN",12.1,low
Greater Chicago,60429,ILLINOIS IRS,HAZEL CREST,6960,360029000.0,752000.0,2866000.0,51728.0,108.0,412.0,1.0,1,"Cook County, IL",12.1,low
Greater Chicago,60621,ILLINOIS IRS,CHICAGO,10110,324647000.0,91000.0,5662000.0,32111.0,9.0,560.0,1.0,1,"Cook County, IL",12.1,low
Greater Chicago,53179,WISCONSIN IRS,TREVOR,3120,267740000.0,661000.0,2640000.0,85814.0,212.0,846.0,1.0,1,"Kenosha County, WI",12.0,low
Greater Chicago,60433,ILLINOIS IRS,JOLIET,7420,346471000.0,493000.0,1311000.0,46694.0,66.0,177.0,1.0,1,"Will County, IL",12.0,low
Greater Chicago,60301,ILLINOIS IRS,OAK PARK,1710,174350000.0,893000.0,4783000.0,101959.0,522.0,2797.0,1.0,1,"Cook County, IL",11.9,low
Greater Chicago,60468,ILLINOIS IRS,PEOTONE,3070,263156000.0,876000.0,3026000.0,85719.0,285.0,986.0,0.9892,1,"Will County, IL",11.9,low
Greater Chicago,60135,ILLINOIS IRS,GENOA,3710,281038000.0,759000.0,3099000.0,75751.0,205.0,835.0,0.9981,3,"DeKalb County, IL | Kane County, IL | McHenry County, IL",11.9,low
Greater Chicago,60633,ILLINOIS IRS,CHICAGO,5920,324542000.0,719000.0,2090000.0,54821.0,121.0,353.0,1.0,1,"Cook County, IL",11.9,low
Greater Chicago,60471,ILLINOIS IRS,RICHTON PARK,6170,327744000.0,321000.0,1295000.0,53119.0,52.0,210.0,1.0,2,"Cook County, IL | Will County, IL",11.9,low
Greater Chicago,60415,ILLINOIS IRS,CHICAGO RIDGE,6400,327082000.0,634000.0,1385000.0,51107.0,99.0,216.0,1.0,1,"Cook County, IL",11.9,low
Greater Chicago,60458,ILLINOIS IRS,JUSTICE,6560,329158000.0,472000.0,1492000.0,50177.0,72.0,227.0,1.0,1,"Cook County, IL",11.9,low
Greater Chicago,46394,INDIANA IRS,WHITING,5210,297150000.0,743000.0,3900000.0,57035.0,143.0,749.0,1.0,1,"Lake County, IN",11.8,low
Greater Chicago,60171,ILLINOIS IRS,RIVER GROVE,5440,305470000.0,855000.0,1724000.0,56153.0,157.0,317.0,1.0,1,"Cook County, IL",11.8,low
Greater Chicago,60176,ILLINOIS IRS,SCHILLER PARK,5940,313778000.0,683000.0,1979000.0,52825.0,115.0,333.0,1.0,1,"Cook County, IL",11.8,low
Greater Chicago,46392,INDIANA IRS,WHEATFIELD,3850,274284000.0,912000.0,1611000.0,71243.0,237.0,418.0,0.9992,1,"Jasper County, IN",11.7,low
Greater Chicago,60482,ILLINOIS IRS,WORTH,5500,294279000.0,703000.0,2271000.0,53505.0,128.0,413.0,1.0,1,"Cook County, IL",11.7,low
Greater Chicago,60071,ILLINOIS IRS,RICHMOND,2040,183702000.0,990000.0,3776000.0,90050.0,485.0,1851.0,1.0,1,"McHenry County, IL",11.6,low
Greater Chicago,60151,ILLINOIS IRS,MAPLE PARK,2050,186110000.0,546000.0,3217000.0,90785.0,266.0,1569.0,1.0,2,"DeKalb County, IL | Kane County, IL",11.5,low
Greater Chicago,60534,ILLINOIS IRS,LYONS,5110,266883000.0,688000.0,1883000.0,52228.0,135.0,368.0,1.0,1,"Cook County, IL",11.5,low
Greater Chicago,46403,INDIANA IRS,GARY,4770,246577000.0,1104000.0,2845000.0,51693.0,231.0,596.0,1.0,2,"Lake County, IN | Porter County, IN",11.5,low
Greater Chicago,60064,ILLINOIS IRS,NORTH CHICAGO,6520,261041000.0,150000.0,1414000.0,40037.0,23.0,217.0,1.0,1,"Lake County, IL",11.5,low
Greater Chicago,60162,ILLINOIS IRS,HILLSIDE,4280,247913000.0,1010000.0,1713000.0,57924.0,236.0,400.0,1.0,1,"Cook County, IL",11.4,low
Greater Chicago,46408,INDIANA IRS,GARY,6330,248900000.0,279000.0,1141000.0,39321.0,44.0,180.0,1.0,1,"Lake County, IN",11.4,low
Greater Chicago,60511,ILLINOIS IRS,BIG ROCK,850,100530000.0,913000.0,2214000.0,118271.0,1074.0,2605.0,1.0,3,"DeKalb County, IL | Kane County, IL | Kendall County, IL",11.3,low
Greater Chicago,60475,ILLINOIS IRS,STEGER,4530,234457000.0,437000.0,1559000.0,51757.0,96.0,344.0,1.0,2,"Cook County, IL | Will County, IL",11.3,low
Greater Chicago,60501,ILLINOIS IRS,SUMMIT ARGO,5180,237689000.0,299000.0,516000.0,45886.0,58.0,100.0,1.0,1,"Cook County, IL",11.2,low
Greater Chicago,46405,INDIANA IRS,LAKE STATION,5170,230590000.0,202000.0,436000.0,44602.0,39.0,84.0,1.0,2,"Lake County, IN | Porter County, IN",11.2,low
Greater Chicago,46404,INDIANA IRS,GARY,6270,223909000.0,141000.0,1094000.0,35711.0,22.0,174.0,1.0,1,"Lake County, IN",11.2,low
Greater Chicago,60421,ILLINOIS IRS,ELWOOD,1960,166911000.0,617000.0,1744000.0,85159.0,315.0,890.0,1.0,1,"Will County, IL",11.1,low
Greater Chicago,46347,INDIANA IRS,KOUTS,2320,183499000.0,436000.0,1687000.0,79094.0,188.0,727.0,1.0,1,"Porter County, IN",11.1,low
Greater Chicago,60408,ILLINOIS IRS,BRAIDWOOD,2790,198415000.0,386000.0,1100000.0,71116.0,138.0,394.0,1.0,2,"Grundy County, IL | Will County, IL",11.1,low
Greater Chicago,60195,ILLINOIS IRS,SCHAUMBURG,2400,179903000.0,468000.0,1587000.0,74960.0,195.0,661.0,1.0,1,"Cook County, IL",11.0,low
Greater Chicago,60155,ILLINOIS IRS,BROADVIEW,4150,215330000.0,239000.0,1056000.0,51887.0,58.0,254.0,1.0,1,"Cook County, IL",11.0,low
Greater Chicago,60428,ILLINOIS IRS,MARKHAM,5150,209613000.0,119000.0,724000.0,40702.0,23.0,141.0,1.0,1,"Cook County, IL",11.0,low
Greater Chicago,60548,ILLINOIS IRS,SANDWICH,5900,424707000.0,1516000.0,4399000.0,71984.0,257.0,746.0,0.6933,2,"DeKalb County, IL | Kendall County, IL",10.8,low
Greater Chicago,60541,ILLINOIS IRS,NEWARK,1480,142416000.0,616000.0,1692000.0,96227.0,416.0,1143.0,0.9476,2,"Grundy County, IL | Kendall County, IL",10.7,low
Greater Chicago,46327,INDIANA IRS,HAMMOND,4400,177767000.0,177000.0,1054000.0,40402.0,40.0,240.0,1.0,1,"Lake County, IN",10.7,low
Greater Chicago,46320,INDIANA IRS,HAMMOND,4870,179934000.0,72000.0,325000.0,36947.0,15.0,67.0,1.0,1,"Lake County, IN",10.7,low
Greater Chicago,60163,ILLINOIS IRS,BERKELEY,2810,160656000.0,290000.0,849000.0,57173.0,103.0,302.0,1.0,1,"Cook County, IL",10.5,low
Greater Chicago,60112,ILLINOIS IRS,CORTLAND,2320,149115000.0,131000.0,500000.0,64274.0,56.0,216.0,1.0,1,"DeKalb County, IL",10.4,low
Greater Chicago,46349,INDIANA IRS,LAKE VILLAGE,1660,129657000.0,189000.0,779000.0,78107.0,114.0,469.0,1.0,1,"Newton County, IN",10.3,low
Greater Chicago,60520,ILLINOIS IRS,HINCKLEY,1420,115151000.0,334000.0,1267000.0,81092.0,235.0,892.0,1.0,2,"DeKalb County, IL | Kane County, IL",10.2,low
Greater Chicago,60469,ILLINOIS IRS,POSEN,2570,127028000.0,87000.0,198000.0,49427.0,34.0,77.0,1.0,1,"Cook County, IL",10.0,low
Greater Chicago,60484,ILLINOIS IRS,UNIVERSITY PARK,2910,132099000.0,52000.0,354000.0,45395.0,18.0,122.0,1.0,2,"Cook County, IL | Will County, IL",10.0,low
Greater Chicago,47977,INDIANA IRS,REMINGTON,1080,102061000.0,767000.0,1509000.0,94501.0,710.0,1397.0,0.903,1,"Jasper County, IN",9.9,low
Greater Chicago,60456,ILLINOIS IRS,HOMETOWN,2280,118872000.0,118000.0,595000.0,52137.0,52.0,261.0,1.0,1,"Cook County, IL",9.9,low
Greater Chicago,46407,INDIANA IRS,GARY,3580,110039000.0,52000.0,544000.0,30737.0,15.0,152.0,1.0,1,"Lake County, IN",9.9,low
Greater Chicago,46406,INDIANA IRS,GARY,3360,110111000.0,36000.0,58000.0,32771.0,11.0,17.0,1.0,1,"Lake County, IN",9.8,low
Greater Chicago,60512,ILLINOIS IRS,BRISTOL,610,65303000.0,117000.0,725000.0,107054.0,192.0,1189.0,1.0,1,"Kendall County, IL",9.6,low
Greater Chicago,60180,ILLINOIS IRS,UNION,830,73063000.0,370000.0,762000.0,88028.0,446.0,918.0,1.0,1,"McHenry County, IL",9.5,low
Greater Chicago,60145,ILLINOIS IRS,KINGSTON,1150,94442000.0,252000.0,1164000.0,82123.0,219.0,1012.0,0.9437,1,"DeKalb County, IL",9.5,low
Greater Chicago,53170,WISCONSIN IRS,SILVER LAKE,1160,85627000.0,149000.0,705000.0,73816.0,128.0,608.0,1.0,1,"Kenosha County, WI",9.5,low
Greater Chicago,60072,ILLINOIS IRS,RINGWOOD,520,55783000.0,194000.0,711000.0,107275.0,373.0,1367.0,1.0,1,"McHenry County, IL",9.4,low
Greater Chicago,60556,ILLINOIS IRS,WATERMAN,990,76825000.0,239000.0,752000.0,77601.0,241.0,760.0,1.0,1,"DeKalb County, IL",9.4,low
Greater Chicago,46409,INDIANA IRS,GARY,2720,90869000.0,48000.0,18000.0,33408.0,18.0,7.0,1.0,1,"Lake County, IN",9.4,low
Greater Chicago,60444,ILLINOIS IRS,MAZON,850,68525000.0,141000.0,942000.0,80618.0,166.0,1108.0,1.0,1,"Grundy County, IL",9.2,low
Greater Chicago,60146,ILLINOIS IRS,KIRKLAND,1240,87960000.0,143000.0,605000.0,70935.0,115.0,488.0,0.958,1,"DeKalb County, IL",9.2,low
Greater Chicago,60424,ILLINOIS IRS,GARDNER,1080,76037000.0,311000.0,632000.0,70405.0,288.0,585.0,0.995,1,"Grundy County, IL",9.2,low
Greater Chicago,60150,ILLINOIS IRS,MALTA,800,61114000.0,169000.0,895000.0,76392.0,211.0,1119.0,1.0,1,"DeKalb County, IL",9.0,low
Greater Chicago,60034,ILLINOIS IRS,HEBRON,1050,70268000.0,119000.0,651000.0,66922.0,113.0,620.0,1.0,1,"McHenry County, IL",9.0,low
Greater Chicago,60165,ILLINOIS IRS,STONE PARK,1820,79221000.0,31000.0,12000.0,43528.0,17.0,7.0,1.0,1,"Cook County, IL",9.0,low
Greater Chicago,47951,INDIANA IRS,KENTLAND,1050,65184000.0,341000.0,940000.0,62080.0,325.0,895.0,1.0,1,"Newton County, IN",8.9,low
Greater Chicago,60476,ILLINOIS IRS,THORNTON,1200,69990000.0,86000.0,512000.0,58325.0,72.0,427.0,1.0,1,"Cook County, IL",8.9,low
Greater Chicago,60088,ILLINOIS IRS,GREAT LAKES,1500,71510000.0,51000.0,76000.0,47673.0,34.0,51.0,1.0,1,"Lake County, IL",8.8,low
Greater Chicago,60550,ILLINOIS IRS,SHABBONA,580,48680000.0,184000.0,488000.0,83931.0,317.0,841.0,1.0,1,"DeKalb County, IL",8.6,low
Greater Chicago,46402,INDIANA IRS,GARY,1820,53393000.0,15000.0,5000.0,29337.0,8.0,3.0,1.0,1,"Lake County, IN",8.5,low
Greater Chicago,60472,ILLINOIS IRS,ROBBINS,1580,55227000.0,21000.0,31000.0,34954.0,13.0,20.0,1.0,1,"Cook County, IL",8.4,low
Greater Chicago,47963,INDIANA IRS,MOROCCO,920,52630000.0,139000.0,160000.0,57207.0,151.0,174.0,1.0,1,"Newton County, IN",8.3,low
Greater Chicago,47922,INDIANA IRS,BROOK,690,46521000.0,131000.0,322000.0,67422.0,190.0,467.0,1.0,2,"Jasper County, IN | Newton County, IN",8.2,low
Greater Chicago,60552,ILLINOIS IRS,SOMONAUK,2170,187999000.0,626000.0,2120000.0,86635.0,288.0,977.0,0.4797,1,"DeKalb County, IL",8.1,low
Greater Chicago,60407,ILLINOIS IRS,BRACEVILLE,800,47736000.0,33000.0,140000.0,59670.0,41.0,175.0,1.0,2,"Grundy County, IL | Will County, IL",8.0,low
Greater Chicago,60479,ILLINOIS IRS,VERONA,340,30667000.0,37000.0,269000.0,90197.0,109.0,791.0,1.0,1,"Grundy County, IL",7.7,low
Greater Chicago,47943,INDIANA IRS,FAIR OAKS,480,33036000.0,148000.0,40000.0,68825.0,308.0,83.0,1.0,2,"Jasper County, IN | Newton County, IN",7.5,low
Greater Chicago,47948,INDIANA IRS,GOODLAND,580,33328000.0,297000.0,185000.0,57462.0,512.0,319.0,0.967,2,"Jasper County, IN | Newton County, IN",7.3,low
Greater Chicago,53128,WISCONSIN IRS,GENOA CITY,4090,304576000.0,744000.0,4087000.0,74468.0,182.0,999.0,0.185,1,"Kenosha County, WI",7.1,low
Greater Chicago,46391,INDIANA IRS,WESTVILLE,3160,244266000.0,835000.0,2582000.0,77299.0,264.0,817.0,0.2405,1,"Porter County, IN",7.0,low
Greater Chicago,60530,ILLINOIS IRS,LEE,320,28121000.0,45000.0,186000.0,87878.0,141.0,581.0,0.388,1,"DeKalb County, IL",3.7,low
